Altitude,Temperature,N2,O2,O,He,Ar,N,H
0,272.1,2.102e+19,5.638e+18,0.0,141000000000000.0,2.514e+17,0.0,0.0
1000,268.9,1.875e+19,5.029e+18,0.0,125800000000000.0,2.242e+17,0.0,0.0
2000,263.6,1.682e+19,4.512e+18,0.0,112900000000000.0,2.012e+17,0.0,0.0
3000,256.9,1.513e+19,4.06e+18,0.0,101600000000000.0,1.81e+17,0.0,0.0
4000,249.6,1.362e+19,3.653e+18,0.0,91370000000000.0,1.629e+17,0.0,0.0
5000,242.1,1.222e+19,3.278e+18,0.0,81990000000000.0,1.462e+17,0.0,0.0
6000,234.8,1.091e+19,2.928e+18,0.0,73240000000000.0,1.306e+17,0.0,0.0
7000,228.3,9.691e+18,2.6e+18,0.0,65030000000000.0,1.159e+17,0.0,0.0
8000,222.6,8.542e+18,2.291e+18,0.0,57320000000000.0,1.022e+17,0.0,0.0
9000,218.1,7.468e+18,2.004e+18,0.0,50120000000000.0,8.933e+16,0.0,0.0
10000,214.9,6.475e+18,1.737e+18,0.0,43450000000000.0,7.745e+16,0.0,0.0
11000,213.2,5.567e+18,1.494e+18,0.0,37360000000000.0,6.659e+16,0.0,0.0
12000,212.4,4.76e+18,1.277e+18,0.0,31940000000000.0,5.693e+16,0.0,0.0
13000,212.3,4.057e+18,1.088e+18,0.0,27220000000000.0,4.853e+16,0.0,0.0
14000,212.4,3.455e+18,9.268e+17,0.0,23180000000000.0,4.133e+16,0.0,0.0
15000,212.2,2.946e+18,7.902e+17,0.0,19770000000000.0,3.523e+16,0.0,0.0
16000,211.5,2.517e+18,6.753e+17,0.0,16890000000000.0,3.011e+16,0.0,0.0
17000,210.4,2.154e+18,5.779e+17,0.0,14460000000000.0,2.577e+16,0.0,0.0
18000,209.1,1.843e+18,4.945e+17,0.0,12370000000000.0,2.205e+16,0.0,0.0
19000,207.8,1.576e+18,4.228e+17,0.0,10580000000000.0,1.885e+16,0.0,0.0
20000,206.7,1.345e+18,3.607e+17,0.0,9023000000000.0,1.608e+16,0.0,0.0
21000,206.0,1.144e+18,3.07e+17,0.0,7680000000000.0,1.369e+16,0.0,0.0
22000,205.8,9.717e+17,2.607e+17,0.0,6521000000000.0,1.162e+16,0.0,0.0
23000,205.9,8.236e+17,2.209e+17,0.0,5527000000000.0,9851000000000000.0,0.0,0.0
24000,206.3,6.97e+17,1.87e+17,0.0,4677000000000.0,8337000000000000.0,0.0,0.0
25000,207.2,5.892e+17,1.581e+17,0.0,3954000000000.0,7047000000000000.0,0.0,0.0
26000,208.4,4.976e+17,1.335e+17,0.0,3339000000000.0,5952000000000000.0,0.0,0.0
27000,209.9,4.201e+17,1.127e+17,0.0,2819000000000.0,5025000000000000.0,0.0,0.0
28000,211.7,3.545e+17,9.511e+16,0.0,2379000000000.0,4241000000000000.0,0.0,0.0
29000,213.9,2.993e+17,8.028e+16,0.0,2008000000000.0,3580000000000000.0,0.0,0.0
30000,216.5,2.527e+17,6.778e+16,0.0,1696000000000.0,3022000000000000.0,0.0,0.0
31000,219.4,2.135e+17,5.726e+16,0.0,1432000000000.0,2553000000000000.0,0.0,0.0
32000,222.7,1.805e+17,4.841e+16,0.0,1211000000000.0,2159000000000000.0,0.0,0.0
33000,226.2,1.528e+17,4.098e+16,0.0,1025000000000.0,1827000000000000.0,0.0,0.0
34000,229.9,1.296e+17,3.477e+16,0.0,869700000000.0,1550000000000000.0,0.0,0.0
35000,233.6,1.102e+17,2.958e+16,0.0,739800000000.0,1319000000000000.0,0.0,0.0
36000,237.2,9.404e+16,2.523e+16,0.0,631100000000.0,1125000000000000.0,0.0,0.0
37000,240.8,8.043e+16,2.158e+16,0.0,539800000000.0,962100000000000.0,0.0,0.0
38000,244.2,6.899e+16,1.851e+16,0.0,463000000000.0,825200000000000.0,0.0,0.0
39000,247.5,5.934e+16,1.592e+16,0.0,398200000000.0,709800000000000.0,0.0,0.0
40000,250.6,5.119e+16,1.373e+16,0.0,343500000000.0,612300000000000.0,0.0,0.0
41000,253.3,4.428e+16,1.188e+16,0.0,297100000000.0,529600000000000.0,0.0,0.0
42000,255.8,3.841e+16,1.031e+16,0.0,257800000000.0,459500000000000.0,0.0,0.0
43000,257.8,3.342e+16,8966000000000000.0,0.0,224300000000.0,399800000000000.0,0.0,0.0
44000,259.4,2.916e+16,7822000000000000.0,0.0,195700000000.0,348800000000000.0,0.0,0.0
45000,260.5,2.551e+16,6842000000000000.0,0.0,171200000000.0,305100000000000.0,0.0,0.0
46000,261.0,2.237e+16,6001000000000000.0,0.0,150100000000.0,267600000000000.0,0.0,0.0
47000,261.0,1.966e+16,5274000000000000.0,0.0,131900000000.0,235200000000000.0,0.0,0.0
48000,260.6,1.731e+16,4644000000000000.0,0.0,116200000000.0,207000000000000.0,0.0,0.0
49000,259.7,1.526e+16,4094000000000000.0,0.0,102400000000.0,182500000000000.0,0.0,0.0
50000,258.5,1.346e+16,3612000000000000.0,0.0,90360000000.0,161100000000000.0,0.0,0.0
51000,257.0,1.189e+16,3189000000000000.0,0.0,79770000000.0,142200000000000.0,0.0,0.0
52000,255.2,1.05e+16,2816000000000000.0,0.0,70440000000.0,125600000000000.0,0.0,0.0
53000,253.2,9267000000000000.0,2486000000000000.0,0.0,62190000000.0,110800000000000.0,0.0,0.0
54000,251.2,8178000000000000.0,2194000000000000.0,0.0,54880000000.0,97820000000000.0,0.0,0.0
55000,249.0,7212000000000000.0,1935000000000000.0,0.0,48400000000.0,86270000000000.0,0.0,0.0
56000,246.8,6354000000000000.0,1705000000000000.0,0.0,42640000000.0,76010000000000.0,0.0,0.0
57000,244.6,5593000000000000.0,1500000000000000.0,0.0,37530000000.0,66900000000000.0,0.0,0.0
58000,242.4,4917000000000000.0,1319000000000000.0,0.0,32990000000.0,58810000000000.0,0.0,0.0
59000,240.2,4317000000000000.0,1158000000000000.0,0.0,28970000000.0,51640000000000.0,0.0,0.0
60000,238.1,3786000000000000.0,1016000000000000.0,0.0,25400000000.0,45280000000000.0,0.0,0.0
61000,236.0,3315000000000000.0,889400000000000.0,0.0,22250000000.0,39650000000000.0,0.0,0.0
62000,234.0,2899000000000000.0,777700000000000.0,0.0,19460000000.0,34680000000000.0,0.0,0.0
63000,232.1,2532000000000000.0,678300000000000.0,0.0,17000000000.0,30280000000000.0,0.0,0.0
64000,230.2,2208000000000000.0,589900000000000.0,0.0,14850000000.0,26400000000000.0,0.0,0.0
65000,228.5,1922000000000000.0,512300000000000.0,0.0,12950000000.0,22980000000000.0,0.0,0.0
66000,226.9,1671000000000000.0,444200000000000.0,0.0,11270000000.0,19980000000000.0,0.0,0.0
67000,225.4,1451000000000000.0,384600000000000.0,0.0,9802000000.0,17340000000000.0,0.0,0.0
68000,224.0,1258000000000000.0,332600000000000.0,0.0,8510000000.0,15030000000000.0,0.0,0.0
69000,222.8,1089000000000000.0,287100000000000.0,0.0,7377000000.0,13010000000000.0,0.0,0.0
70000,221.7,941300000000000.0,247600000000000.0,0.0,6387000000.0,11250000000000.0,0.0,0.0
71000,220.8,812700000000000.0,213200000000000.0,0.0,5522000000.0,9707000000000.0,0.0,0.0
72000,220.0,700800000000000.0,183300000000000.0,0.0,4769000000.0,8368000000000.0,0.0,0.0
73000,219.4,603900000000000.0,157600000000000.0,5989000.0,4117000000.0,7210000000000.0,4.313e-23,21890.0
74000,218.5,520600000000000.0,135600000000000.0,15490000.0,3558000000.0,6213000000000.0,1.3650000000000001e-11,23620.0
75000,217.4,448900000000000.0,116700000000000.0,39290000.0,3077000000.0,5357000000000.0,0.0002785,25540.0
76000,216.0,387300000000000.0,100400000000000.0,96930000.0,2663000000.0,4619000000000.0,10.58,27650.0
77000,214.4,334100000000000.0,86390000000000.0,231000000.0,2306000000.0,3983000000000.0,7277.0,29970.0
78000,212.7,288200000000000.0,74300000000000.0,528700000.0,1998000000.0,3434000000000.0,399600.0,32510.0
79000,210.7,248400000000000.0,63860000000000.0,1156000000.0,1731000000.0,2958000000000.0,4518000.0,35280.0
80000,208.7,214000000000000.0,54840000000000.0,2407000000.0,1500000000.0,2546000000000.0,19110000.0,38280.0
81000,206.5,184200000000000.0,47030000000000.0,4756000000.0,1300000000.0,2190000000000.0,43950000.0,41540.0
82000,204.3,158300000000000.0,40280000000000.0,8907000000.0,1126000000.0,1880000000000.0,69310000.0,45050.0
83000,202.0,135900000000000.0,34440000000000.0,15800000000.0,975600000.0,1612000000000.0,86570000.0,48810.0
84000,199.7,116500000000000.0,29400000000000.0,26530000000.0,845200000.0,1380000000000.0,93660000.0,52840.0
85000,197.3,99700000000000.0,25050000000000.0,42250000000.0,732400000.0,1179000000000.0,92770000.0,57130.0
86000,195.0,85160000000000.0,21290000000000.0,63880000000.0,634800000.0,1005000000000.0,87060000.0,61680.0
87000,192.6,72610000000000.0,18060000000000.0,91880000000.0,550400000.0,855000000000.0,79100000.0,66490.0
88000,190.3,61780000000000.0,15280000000000.0,126000000000.0,477600000.0,725500000000.0,70510000.0,71550.0
89000,188.1,52460000000000.0,12890000000000.0,165300000000.0,414900000.0,614000000000.0,62190000.0,76850.0
90000,185.9,44450000000000.0,10850000000000.0,207900000000.0,361000000.0,518200000000.0,54580000.0,82400.0
91000,183.7,37570000000000.0,9108000000000.0,251500000000.0,314700000.0,436100000000.0,47830000.0,88180.0
92000,181.8,31680000000000.0,7620000000000.0,293300000000.0,275000000.0,365600000000.0,41940000.0,94150.0
93000,180.1,26630000000000.0,6351000000000.0,330800000000.0,240900000.0,305300000000.0,36860000.0,100300.0
94000,178.7,22310000000000.0,5273000000000.0,361600000000.0,211600000.0,253800000000.0,32480000.0,106500.0
95000,177.7,18630000000000.0,4360000000000.0,384200000000.0,186600000.0,210000000000.0,28740000.0,112900.0
96000,177.2,15500000000000.0,3589000000000.0,397900000000.0,165300000.0,172900000000.0,25530000.0,119300.0
97000,177.3,12860000000000.0,2943000000000.0,402700000000.0,147100000.0,141600000000.0,22780000.0,125800.0
98000,178.1,10630000000000.0,2402000000000.0,399200000000.0,131700000.0,115400000000.0,20420000.0,132400.0
99000,179.6,8766000000000.0,1954000000000.0,388600000000.0,118600000.0,93480000000.0,18370000.0,139200.0
100000,182.1,7207000000000.0,1583000000000.0,372100000000.0,107500000.0,75350000000.0,16580000.0,146000.0
101000,185.7,5911000000000.0,1278000000000.0,351300000000.0,98070000.0,60430000000.0,15020000.0,152900.0
102000,190.3,4842000000000.0,1029000000000.0,327800000000.0,90110000.0,48280000000.0,13630000.0,160100.0
103000,196.0,3967000000000.0,828200000000.0,303100000000.0,83410000.0,38470000000.0,12410000.0,167800.0
104000,202.7,3253000000000.0,666600000000.0,278100000000.0,77780000.0,30610000000.0,11310000.0,176000.0
105000,210.5,2673000000000.0,537200000000.0,253900000000.0,73040000.0,24360000000.0,10330000.0,184900.0
106000,219.4,2203000000000.0,433900000000.0,230800000000.0,69040000.0,19400000000.0,9454000.0,194600.0
107000,229.4,1822000000000.0,351500000000.0,209200000000.0,65670000.0,15490000000.0,8659000.0,205200.0
108000,240.3,1514000000000.0,285900000000.0,189300000000.0,62800000.0,12410000000.0,7938000.0,217000.0
109000,252.2,1264000000000.0,233700000000.0,171300000000.0,60370000.0,9986000000.0,7286000.0,230100.0
110000,264.8,1062000000000.0,192100000000.0,155100000000.0,58310000.0,8082000000.0,6697000.0,244800.0
111000,277.8,898100000000.0,158900000000.0,140700000000.0,56570000.0,6586000000.0,6165000.0,261300.0
112000,291.3,764300000000.0,132300000000.0,127900000000.0,55080000.0,5404000000.0,5684000.0,279900.0
113000,305.2,654600000000.0,110900000000.0,116500000000.0,53780000.0,4465000000.0,5247000.0,300600.0
114000,319.4,564000000000.0,93460000000.0,106300000000.0,52630000.0,3714000000.0,4850000.0,323600.0
115000,333.8,488700000000.0,79240000000.0,97300000000.0,51590000.0,3110000000.0,4487000.0,349000.0
116000,348.6,425800000000.0,67560000000.0,89260000000.0,50630000.0,2621000000.0,4157000.0,377200.0
117000,363.5,373000000000.0,57920000000.0,82070000000.0,49730000.0,2223000000.0,3854000.0,408200.0
118000,378.5,328400000000.0,49920000000.0,75660000000.0,48870000.0,1897000000.0,3578000.0,442300.0
119000,393.6,290600000000.0,43240000000.0,69920000000.0,48040000.0,1629000000.0,3325000.0,479700.0
120000,408.6,258400000000.0,37640000000.0,64780000000.0,47240000.0,1407000000.0,3093000.0,520700.0
121000,423.5,230800000000.0,32930000000.0,60180000000.0,46450000.0,1221000000.0,2880000.0,565600.0
122000,438.2,207000000000.0,28930000000.0,56040000000.0,45680000.0,1066000000.0,2685000.0,614700.0
123000,452.6,186500000000.0,25540000000.0,52320000000.0,44930000.0,935000000.0,2506000.0,668200.0
124000,466.4,168800000000.0,22650000000.0,49010000000.0,44210000.0,824700000.0,2343000.0,727000.0
125000,480.0,153300000000.0,20160000000.0,46000000000.0,43500000.0,730400000.0,2193000.0,790700.0
126000,493.1,139700000000.0,18020000000.0,43270000000.0,42800000.0,649400000.0,2054000.0,859600.0
127000,506.0,127700000000.0,16150000000.0,40790000000.0,42110000.0,579500000.0,1926000.0,934000.0
128000,518.5,117100000000.0,14530000000.0,38530000000.0,41430000.0,518900000.0,1808000.0,1014000.0
129000,530.6,107700000000.0,13110000000.0,36460000000.0,40770000.0,466100000.0,1699000.0,1100000.0
130000,542.4,99250000000.0,11860000000.0,34550000000.0,40110000.0,419900000.0,1597000.0,1192000.0
131000,553.8,91700000000.0,10750000000.0,32800000000.0,39480000.0,379200000.0,1504000.0,1290000.0
132000,565.0,84910000000.0,9778000000.0,31190000000.0,38850000.0,343300000.0,1417000.0,1394000.0
133000,575.8,78790000000.0,8911000000.0,29700000000.0,38240000.0,311500000.0,1336000.0,1504000.0
134000,586.4,73240000000.0,8139000000.0,28310000000.0,37650000.0,283300000.0,1261000.0,1621000.0
135000,596.6,68210000000.0,7449000000.0,27030000000.0,37070000.0,258100000.0,1191000.0,1743000.0
136000,606.6,63640000000.0,6831000000.0,25830000000.0,36500000.0,235600000.0,1126000.0,1872000.0
137000,616.3,59460000000.0,6276000000.0,24710000000.0,35950000.0,215400000.0,1066000.0,2007000.0
138000,625.7,55650000000.0,5777000000.0,23670000000.0,35420000.0,197300000.0,1010000.0,2148000.0
139000,634.8,52150000000.0,5326000000.0,22690000000.0,34910000.0,181000000.0,957400.0,2294000.0
140000,643.8,48930000000.0,4918000000.0,21780000000.0,34410000.0,166300000.0,908600.0,2446000.0
141000,652.4,45980000000.0,4549000000.0,20920000000.0,33920000.0,153000000.0,863100.0,2603000.0
142000,660.8,43250000000.0,4213000000.0,20110000000.0,33450000.0,141000000.0,820600.0,2765000.0
143000,669.0,40730000000.0,3908000000.0,19350000000.0,32990000.0,130100000.0,781000.0,2931000.0
144000,677.0,38400000000.0,3630000000.0,18640000000.0,32550000.0,120100000.0,744000.0,3101000.0
145000,684.7,36240000000.0,3375000000.0,17960000000.0,32130000.0,111100000.0,709400.0,3275000.0
146000,692.3,34230000000.0,3143000000.0,17320000000.0,31710000.0,102800000.0,677100.0,3452000.0
147000,699.6,32370000000.0,2930000000.0,16710000000.0,31310000.0,95320000.0,646900.0,3631000.0
148000,706.7,30630000000.0,2735000000.0,16130000000.0,30920000.0,88440000.0,618700.0,3813000.0
149000,713.6,29010000000.0,2555000000.0,15590000000.0,30550000.0,82130000.0,592300.0,3996000.0
150000,720.4,27500000000.0,2390000000.0,15070000000.0,30180000.0,76350000.0,567500.0,4181000.0
151000,726.9,26090000000.0,2237000000.0,14580000000.0,29830000.0,71040000.0,544400.0,4365000.0
152000,733.3,24770000000.0,2097000000.0,14110000000.0,29490000.0,66160000.0,522600.0,4550000.0
153000,739.5,23530000000.0,1967000000.0,13660000000.0,29150000.0,61660000.0,502300.0,4734000.0
154000,745.5,22370000000.0,1846000000.0,13230000000.0,28830000.0,57520000.0,483200.0,4916000.0
155000,751.3,21280000000.0,1735000000.0,12820000000.0,28520000.0,53700000.0,465300.0,5097000.0
156000,757.0,20250000000.0,1632000000.0,12430000000.0,28220000.0,50170000.0,448500.0,5275000.0
157000,762.6,19290000000.0,1536000000.0,12060000000.0,27920000.0,46900000.0,432700.0,5451000.0
158000,768.0,18380000000.0,1447000000.0,11700000000.0,27630000.0,43880000.0,417800.0,5622000.0
159000,773.2,17520000000.0,1364000000.0,11360000000.0,27350000.0,41080000.0,403900.0,5790000.0
160000,778.3,16720000000.0,1286000000.0,11030000000.0,27080000.0,38490000.0,390800.0,5954000.0
161000,783.2,15930000000.0,1214000000.0,10710000000.0,26820000.0,36080000.0,378400.0,6112000.0
162000,788.1,15210000000.0,1147000000.0,10410000000.0,26560000.0,33840000.0,366800.0,6265000.0
163000,792.8,14530000000.0,1084000000.0,10120000000.0,26310000.0,31760000.0,355800.0,6413000.0
164000,797.3,13890000000.0,1025000000.0,9840000000.0,26070000.0,29820000.0,345500.0,6554000.0
165000,801.7,13280000000.0,970300000.0,9570000000.0,25830000.0,28020000.0,335800.0,6689000.0
166000,806.1,12700000000.0,918700000.0,9311000000.0,25600000.0,26340000.0,326600.0,6817000.0
167000,810.2,12160000000.0,870400000.0,9062000000.0,25370000.0,24770000.0,318000.0,6938000.0
168000,814.3,11640000000.0,825100000.0,8821000000.0,25150000.0,23310000.0,309800.0,7053000.0
169000,818.3,11140000000.0,782500000.0,8590000000.0,24940000.0,21940000.0,302100.0,7160000.0
170000,822.1,10680000000.0,742500000.0,8366000000.0,24720000.0,20670000.0,294800.0,7259000.0
171000,825.9,10230000000.0,704900000.0,8150000000.0,24520000.0,19470000.0,287900.0,7351000.0
172000,829.5,9807000000.0,669500000.0,7942000000.0,24320000.0,18350000.0,281300.0,7435000.0
173000,833.1,9404000000.0,636100000.0,7740000000.0,24120000.0,17310000.0,275100.0,7512000.0
174000,836.5,9021000000.0,604700000.0,7546000000.0,23930000.0,16330000.0,269300.0,7582000.0
175000,839.9,8655000000.0,575100000.0,7357000000.0,23740000.0,15410000.0,263700.0,7643000.0
176000,843.2,8307000000.0,547200000.0,7175000000.0,23550000.0,14550000.0,258500.0,7697000.0
177000,846.3,7975000000.0,520800000.0,6999000000.0,23370000.0,13740000.0,253500.0,7744000.0
178000,849.4,7658000000.0,495900000.0,6829000000.0,23200000.0,12980000.0,248800.0,7784000.0
179000,852.4,7355000000.0,472300000.0,6664000000.0,23020000.0,12270000.0,244300.0,7816000.0
180000,855.4,7067000000.0,450000000.0,6504000000.0,22850000.0,11590000.0,240000.0,7841000.0
181000,858.2,6791000000.0,429000000.0,6349000000.0,22680000.0,10960000.0,236000.0,7859000.0
182000,861.0,6528000000.0,409000000.0,6198000000.0,22520000.0,10370000.0,232100.0,7871000.0
183000,863.7,6276000000.0,390100000.0,6052000000.0,22360000.0,9813000.0,228500.0,7876000.0
184000,866.3,6035000000.0,372200000.0,5911000000.0,22200000.0,9288000.0,225000.0,7875000.0
185000,868.8,5805000000.0,355200000.0,5774000000.0,22050000.0,8793000.0,221700.0,7868000.0
186000,871.3,5584000000.0,339100000.0,5641000000.0,21890000.0,8327000.0,218500.0,7855000.0
187000,873.7,5373000000.0,323800000.0,5511000000.0,21740000.0,7887000.0,215500.0,7837000.0
188000,876.1,5171000000.0,309300000.0,5386000000.0,21600000.0,7472000.0,212700.0,7813000.0
189000,878.3,4978000000.0,295500000.0,5264000000.0,21450000.0,7081000.0,209900.0,7784000.0
190000,880.6,4792000000.0,282500000.0,5145000000.0,21310000.0,6712000.0,207300.0,7750000.0
191000,882.7,4614000000.0,270000000.0,5030000000.0,21170000.0,6364000.0,204900.0,7712000.0
192000,884.8,4444000000.0,258200000.0,4918000000.0,21030000.0,6035000.0,202500.0,7669000.0
193000,886.9,4281000000.0,246900000.0,4809000000.0,20890000.0,5724000.0,200200.0,7622000.0
194000,888.8,4124000000.0,236200000.0,4703000000.0,20760000.0,5431000.0,198100.0,7571000.0
195000,890.8,3973000000.0,226000000.0,4599000000.0,20630000.0,5153000.0,196000.0,7517000.0
196000,892.6,3829000000.0,216300000.0,4499000000.0,20500000.0,4891000.0,194000.0,7459000.0
197000,894.5,3691000000.0,207100000.0,4401000000.0,20370000.0,4643000.0,192200.0,7399000.0
198000,896.3,3558000000.0,198200000.0,4306000000.0,20240000.0,4408000.0,190400.0,7335000.0
199000,898.0,3430000000.0,189800000.0,4213000000.0,20120000.0,4186000.0,188600.0,7268000.0
200000,899.7,3307000000.0,181800000.0,4123000000.0,19990000.0,3975000.0,187000.0,7200000.0
201000,901.3,3189000000.0,174200000.0,4035000000.0,19850000.0,3776000.0,185400.0,7128000.0
202000,902.9,3076000000.0,166900000.0,3949000000.0,19730000.0,3588000.0,183900.0,7055000.0
203000,904.5,2967000000.0,160000000.0,3866000000.0,19610000.0,3409000.0,182400.0,6980000.0
204000,906.0,2862000000.0,153300000.0,3784000000.0,19500000.0,3240000.0,181000.0,6903000.0
205000,907.4,2761000000.0,147000000.0,3705000000.0,19380000.0,3080000.0,179700.0,6825000.0
206000,908.9,2664000000.0,140900000.0,3628000000.0,19270000.0,2928000.0,178400.0,6746000.0
207000,910.2,2571000000.0,135100000.0,3552000000.0,19160000.0,2784000.0,177200.0,6665000.0
208000,911.6,2481000000.0,129600000.0,3478000000.0,19050000.0,2647000.0,176000.0,6583000.0
209000,912.9,2395000000.0,124300000.0,3406000000.0,18940000.0,2517000.0,174800.0,6500000.0
210000,914.2,2312000000.0,119300000.0,3336000000.0,18830000.0,2395000.0,173800.0,6417000.0
211000,915.4,2232000000.0,114500000.0,3268000000.0,18720000.0,2278000.0,172700.0,6333000.0
212000,916.6,2155000000.0,109800000.0,3201000000.0,18620000.0,2167000.0,171700.0,6249000.0
213000,917.8,2081000000.0,105400000.0,3136000000.0,18510000.0,2062000.0,170700.0,6164000.0
214000,919.0,2009000000.0,101200000.0,3072000000.0,18410000.0,1962000.0,169800.0,6079000.0
215000,920.1,1940000000.0,97160000.0,3010000000.0,18310000.0,1868000.0,168900.0,5994000.0
216000,921.2,1874000000.0,93290000.0,2949000000.0,18210000.0,1778000.0,168000.0,5909000.0
217000,922.2,1810000000.0,89580000.0,2889000000.0,18110000.0,1692000.0,167200.0,5824000.0
218000,923.2,1749000000.0,86040000.0,2831000000.0,18010000.0,1611000.0,166300.0,5739000.0
219000,924.2,1689000000.0,82640000.0,2775000000.0,17910000.0,1534000.0,165600.0,5655000.0
220000,925.2,1632000000.0,79380000.0,2719000000.0,17810000.0,1461000.0,164800.0,5571000.0
221000,926.2,1577000000.0,76260000.0,2665000000.0,17720000.0,1391000.0,164100.0,5487000.0
222000,927.1,1524000000.0,73270000.0,2612000000.0,17620000.0,1325000.0,163400.0,5404000.0
223000,928.0,1472000000.0,70410000.0,2560000000.0,17530000.0,1262000.0,162700.0,5321000.0
224000,928.9,1423000000.0,67660000.0,2510000000.0,17440000.0,1202000.0,162000.0,5238000.0
225000,929.7,1375000000.0,65030000.0,2460000000.0,17340000.0,1146000.0,161400.0,5157000.0
226000,930.5,1329000000.0,62500000.0,2412000000.0,17250000.0,1091000.0,160800.0,5076000.0
227000,931.3,1285000000.0,60080000.0,2365000000.0,17160000.0,1040000.0,160200.0,4996000.0
228000,932.1,1242000000.0,57760000.0,2318000000.0,17070000.0,991000.0,159600.0,4916000.0
229000,932.9,1201000000.0,55530000.0,2273000000.0,16980000.0,944500.0,159000.0,4837000.0
230000,933.6,1161000000.0,53400000.0,2229000000.0,16900000.0,900200.0,158500.0,4760000.0
231000,934.3,1122000000.0,51350000.0,2186000000.0,16810000.0,858000.0,158000.0,4682000.0
232000,935.0,1085000000.0,49380000.0,2143000000.0,16720000.0,817900.0,157400.0,4606000.0
233000,935.7,1049000000.0,47490000.0,2102000000.0,16640000.0,779700.0,157000.0,4531000.0
234000,936.4,1015000000.0,45680000.0,2061000000.0,16550000.0,743300.0,156500.0,4457000.0
235000,937.0,981200000.0,43940000.0,2021000000.0,16470000.0,708700.0,156000.0,4383000.0
236000,937.7,948900000.0,42270000.0,1982000000.0,16380000.0,675700.0,155500.0,4311000.0
237000,938.3,917700000.0,40660000.0,1944000000.0,16300000.0,644400.0,155100.0,4239000.0
238000,938.9,887600000.0,39120000.0,1907000000.0,16220000.0,614500.0,154700.0,4169000.0
239000,939.4,858500000.0,37640000.0,1871000000.0,16130000.0,586000.0,154200.0,4099000.0
240000,940.0,830400000.0,36220000.0,1835000000.0,16050000.0,558900.0,153800.0,4030000.0
241000,940.6,803300000.0,34860000.0,1800000000.0,15970000.0,533200.0,153400.0,3963000.0
242000,941.1,777100000.0,33540000.0,1766000000.0,15890000.0,508600.0,153000.0,3896000.0
243000,941.6,751700000.0,32280000.0,1732000000.0,15810000.0,485200.0,152600.0,3830000.0
244000,942.1,727300000.0,31070000.0,1699000000.0,15740000.0,462800.0,152300.0,3766000.0
245000,942.6,703600000.0,29910000.0,1667000000.0,15660000.0,441600.0,151900.0,3702000.0
246000,943.1,680800000.0,28790000.0,1635000000.0,15580000.0,421300.0,151600.0,3639000.0
247000,943.6,658700000.0,27710000.0,1605000000.0,15500000.0,401900.0,151200.0,3577000.0
248000,944.0,637400000.0,26680000.0,1574000000.0,15430000.0,383500.0,150900.0,3517000.0
249000,944.4,616700000.0,25690000.0,1545000000.0,15350000.0,366000.0,150500.0,3457000.0
250000,944.9,596800000.0,24730000.0,1516000000.0,15280000.0,349200.0,150200.0,3398000.0
251000,945.3,577500000.0,23820000.0,1487000000.0,15200000.0,333300.0,149900.0,3340000.0
252000,945.7,558900000.0,22930000.0,1459000000.0,15130000.0,318000.0,149600.0,3283000.0
253000,946.1,540900000.0,22080000.0,1432000000.0,15050000.0,303500.0,149300.0,3227000.0
254000,946.5,523500000.0,21270000.0,1405000000.0,14980000.0,289700.0,149000.0,3172000.0
255000,946.9,506700000.0,20480000.0,1379000000.0,14910000.0,276500.0,148700.0,3118000.0
256000,947.2,490400000.0,19720000.0,1353000000.0,14840000.0,264000.0,148400.0,3065000.0
257000,947.6,474700000.0,19000000.0,1328000000.0,14760000.0,252000.0,148100.0,3012000.0
258000,947.9,459400000.0,18300000.0,1303000000.0,14690000.0,240500.0,147800.0,2961000.0
259000,948.3,444700000.0,17620000.0,1279000000.0,14620000.0,229600.0,147600.0,2910000.0
260000,948.6,430500000.0,16980000.0,1255000000.0,14550000.0,219200.0,147300.0,2861000.0
261000,948.9,416700000.0,16350000.0,1232000000.0,14480000.0,209300.0,147000.0,2812000.0
262000,949.2,403400000.0,15750000.0,1209000000.0,14410000.0,199800.0,146800.0,2764000.0
263000,949.5,390500000.0,15180000.0,1187000000.0,14340000.0,190800.0,146500.0,2717000.0
264000,949.8,378100000.0,14620000.0,1165000000.0,14280000.0,182200.0,146200.0,2670000.0
265000,950.1,366000000.0,14090000.0,1143000000.0,14210000.0,174000.0,146000.0,2625000.0
266000,950.4,354400000.0,13570000.0,1122000000.0,14140000.0,166100.0,145800.0,2580000.0
267000,950.7,343100000.0,13080000.0,1102000000.0,14070000.0,158600.0,145500.0,2536000.0
268000,950.9,332200000.0,12600000.0,1081000000.0,14010000.0,151500.0,145300.0,2493000.0
269000,951.2,321700000.0,12140000.0,1061000000.0,13940000.0,144700.0,145000.0,2450000.0
270000,951.4,311500000.0,11700000.0,1042000000.0,13870000.0,138200.0,144800.0,2409000.0
271000,951.7,301600000.0,11280000.0,1023000000.0,13810000.0,132000.0,144600.0,2368000.0
272000,951.9,292000000.0,10870000.0,1004000000.0,13740000.0,126000.0,144300.0,2328000.0
273000,952.1,282800000.0,10470000.0,985600000.0,13680000.0,120400.0,144100.0,2288000.0
274000,952.4,273800000.0,10090000.0,967600000.0,13620000.0,115000.0,143900.0,2249000.0
275000,952.6,265200000.0,9727000.0,949900000.0,13550000.0,109800.0,143700.0,2211000.0
276000,952.8,256800000.0,9375000.0,932500000.0,13490000.0,104900.0,143500.0,2174000.0
277000,953.0,248700000.0,9036000.0,915500000.0,13430000.0,100200.0,143200.0,2137000.0
278000,953.2,240900000.0,8710000.0,898800000.0,13360000.0,95740.0,143000.0,2101000.0
279000,953.4,233300000.0,8395000.0,882400000.0,13300000.0,91470.0,142800.0,2066000.0
280000,953.6,225900000.0,8093000.0,866300000.0,13240000.0,87380.0,142600.0,2031000.0
281000,953.8,218800000.0,7801000.0,850600000.0,13180000.0,83480.0,142400.0,1997000.0
282000,954.0,211900000.0,7520000.0,835100000.0,13120000.0,79760.0,142200.0,1963000.0
283000,954.1,205300000.0,7249000.0,819900000.0,13050000.0,76200.0,142000.0,1930000.0
284000,954.3,198800000.0,6989000.0,805000000.0,12990000.0,72810.0,141800.0,1898000.0
285000,954.5,192600000.0,6738000.0,790400000.0,12930000.0,69570.0,141600.0,1866000.0
286000,954.6,186500000.0,6496000.0,776100000.0,12870000.0,66470.0,141400.0,1835000.0
287000,954.8,180700000.0,6262000.0,762000000.0,12810000.0,63520.0,141200.0,1804000.0
288000,954.9,175000000.0,6038000.0,748200000.0,12760000.0,60690.0,141000.0,1774000.0
289000,955.1,169500000.0,5822000.0,734700000.0,12700000.0,58000.0,140800.0,1744000.0
290000,955.2,164200000.0,5613000.0,721400000.0,12640000.0,55420.0,140700.0,1715000.0
291000,955.4,159100000.0,5412000.0,708400000.0,12580000.0,52970.0,140500.0,1686000.0
292000,955.5,154100000.0,5219000.0,695600000.0,12520000.0,50620.0,140300.0,1658000.0
293000,955.7,149300000.0,5032000.0,683000000.0,12460000.0,48370.0,140100.0,1631000.0
294000,955.8,144600000.0,4852000.0,670700000.0,12410000.0,46230.0,139900.0,1604000.0
295000,955.9,140100000.0,4679000.0,658600000.0,12350000.0,44180.0,139700.0,1577000.0
296000,956.0,135700000.0,4512000.0,646700000.0,12290000.0,42230.0,139500.0,1551000.0
297000,956.2,131500000.0,4351000.0,635100000.0,12240000.0,40360.0,139400.0,1525000.0
298000,956.3,127400000.0,4196000.0,623700000.0,12180000.0,38580.0,139200.0,1500000.0
299000,956.4,123400000.0,4047000.0,612500000.0,12130000.0,36870.0,139000.0,1475000.0
300000,956.5,119600000.0,3903000.0,601400000.0,12070000.0,35240.0,138800.0,1452000.0
301000,956.6,115900000.0,3764000.0,590600000.0,12020000.0,33690.0,138700.0,1428000.0
302000,956.7,112300000.0,3630000.0,580000000.0,11960000.0,32200.0,138500.0,1404000.0
303000,956.8,108800000.0,3501000.0,569600000.0,11910000.0,30780.0,138300.0,1381000.0
304000,956.9,105400000.0,3377000.0,559400000.0,11850000.0,29420.0,138100.0,1359000.0
305000,957.0,102100000.0,3257000.0,549400000.0,11800000.0,28130.0,138000.0,1336000.0
306000,957.1,98940000.0,3141000.0,539500000.0,11740000.0,26890.0,137800.0,1314000.0
307000,957.2,95870000.0,3030000.0,529900000.0,11690000.0,25710.0,137600.0,1293000.0
308000,957.3,92890000.0,2923000.0,520400000.0,11640000.0,24570.0,137400.0,1272000.0
309000,957.4,90010000.0,2819000.0,511100000.0,11590000.0,23490.0,137300.0,1251000.0
310000,957.5,87220000.0,2719000.0,501900000.0,11530000.0,22460.0,137100.0,1230000.0
311000,957.6,84520000.0,2623000.0,493000000.0,11480000.0,21470.0,136900.0,1210000.0
312000,957.6,81900000.0,2530000.0,484200000.0,11430000.0,20530.0,136800.0,1191000.0
313000,957.7,79370000.0,2441000.0,475500000.0,11380000.0,19630.0,136600.0,1171000.0
314000,957.8,76910000.0,2355000.0,467100000.0,11330000.0,18770.0,136400.0,1152000.0
315000,957.9,74530000.0,2271000.0,458700000.0,11270000.0,17940.0,136300.0,1134000.0
316000,957.9,72230000.0,2191000.0,450600000.0,11220000.0,17160.0,136100.0,1115000.0
317000,958.0,70000000.0,2114000.0,442500000.0,11170000.0,16410.0,136000.0,1097000.0
318000,958.1,67830000.0,2039000.0,434700000.0,11120000.0,15690.0,135800.0,1079000.0
319000,958.2,65740000.0,1967000.0,426900000.0,11070000.0,15000.0,135600.0,1062000.0
320000,958.2,63710000.0,1898000.0,419300000.0,11020000.0,14340.0,135500.0,1045000.0
321000,958.3,61750000.0,1831000.0,411900000.0,10970000.0,13720.0,135200.0,1028000.0
322000,958.3,59840000.0,1767000.0,404600000.0,10920000.0,13120.0,135100.0,1011000.0
323000,958.4,58000000.0,1705000.0,397400000.0,10880000.0,12540.0,134900.0,995100.0
324000,958.5,56210000.0,1645000.0,390300000.0,10830000.0,11990.0,134700.0,979100.0
325000,958.5,54480000.0,1587000.0,383400000.0,10780000.0,11470.0,134600.0,963300.0
326000,958.6,52800000.0,1531000.0,376600000.0,10730000.0,10970.0,134400.0,947900.0
327000,958.6,51180000.0,1477000.0,369900000.0,10680000.0,10490.0,134300.0,932700.0
328000,958.7,49600000.0,1425000.0,363400000.0,10630000.0,10030.0,134100.0,917700.0
329000,958.7,48080000.0,1375000.0,356900000.0,10590000.0,9595.0,134000.0,903000.0
330000,958.8,46600000.0,1327000.0,350600000.0,10540000.0,9176.0,133800.0,888600.0
331000,958.8,45170000.0,1281000.0,344400000.0,10490000.0,8776.0,133700.0,874400.0
332000,958.9,43780000.0,1236000.0,338300000.0,10440000.0,8394.0,133500.0,860400.0
333000,958.9,42440000.0,1192000.0,332300000.0,10400000.0,8028.0,133400.0,846700.0
334000,959.0,41130000.0,1151000.0,326500000.0,10350000.0,7679.0,133200.0,833200.0
335000,959.0,39870000.0,1110000.0,320700000.0,10310000.0,7345.0,133100.0,820000.0
336000,959.1,38650000.0,1072000.0,315000000.0,10260000.0,7025.0,132900.0,806900.0
337000,959.1,37470000.0,1034000.0,309500000.0,10210000.0,6720.0,132800.0,794100.0
338000,959.2,36320000.0,997900.0,304000000.0,10170000.0,6427.0,132600.0,781500.0
339000,959.2,35200000.0,963000.0,298700000.0,10120000.0,6148.0,132500.0,769100.0
340000,959.2,34130000.0,929300.0,293400000.0,10080000.0,5881.0,132300.0,756900.0
341000,959.3,33080000.0,896900.0,288200000.0,10030000.0,5626.0,132200.0,744900.0
342000,959.3,32070000.0,865600.0,283100000.0,9988000.0,5381.0,132000.0,733200.0
343000,959.3,31090000.0,835300.0,278200000.0,9944000.0,5148.0,131900.0,721600.0
344000,959.4,30140000.0,806200.0,273300000.0,9899000.0,4925.0,131700.0,710200.0
345000,959.4,29220000.0,778100.0,268500000.0,9855000.0,4711.0,131600.0,699000.0
346000,959.4,28320000.0,751000.0,263700000.0,9812000.0,4507.0,131400.0,687900.0
347000,959.5,27460000.0,724800.0,259100000.0,9768000.0,4311.0,131300.0,677100.0
348000,959.5,26620000.0,699500.0,254500000.0,9725000.0,4125.0,131100.0,666400.0
349000,959.5,25810000.0,675200.0,250100000.0,9682000.0,3946.0,131000.0,655900.0
350000,959.6,25020000.0,651700.0,245700000.0,9639000.0,3775.0,130800.0,645600.0
351000,959.6,24260000.0,629000.0,241400000.0,9596000.0,3612.0,130700.0,635500.0
352000,959.6,23520000.0,607100.0,237100000.0,9554000.0,3456.0,130500.0,625500.0
353000,959.7,22800000.0,586000.0,233000000.0,9511000.0,3306.0,130400.0,615700.0
354000,959.7,22110000.0,565600.0,228900000.0,9469000.0,3163.0,130200.0,606100.0
355000,959.7,21430000.0,546000.0,224900000.0,9427000.0,3026.0,130100.0,596600.0
356000,959.7,20780000.0,527000.0,220900000.0,9386000.0,2896.0,129900.0,587200.0
357000,959.8,20150000.0,508700.0,217100000.0,9344000.0,2771.0,129800.0,578100.0
358000,959.8,19540000.0,491100.0,213300000.0,9303000.0,2651.0,129700.0,569000.0
359000,959.8,18940000.0,474000.0,209500000.0,9262000.0,2537.0,129500.0,560100.0
360000,959.8,18370000.0,457600.0,205900000.0,9221000.0,2427.0,129400.0,551400.0
361000,959.8,17810000.0,441700.0,202300000.0,9180000.0,2322.0,129200.0,542800.0
362000,959.9,17270000.0,426400.0,198700000.0,9140000.0,2222.0,129100.0,534400.0
363000,959.9,16740000.0,411600.0,195200000.0,9100000.0,2127.0,128900.0,526000.0
364000,959.9,16230000.0,397400.0,191800000.0,9060000.0,2035.0,128800.0,517900.0
365000,959.9,15740000.0,383600.0,188500000.0,9020000.0,1947.0,128600.0,509800.0
366000,959.9,15260000.0,370300.0,185200000.0,8980000.0,1863.0,128500.0,501900.0
367000,960.0,14800000.0,357500.0,182000000.0,8940000.0,1783.0,128400.0,494100.0
368000,960.0,14350000.0,345100.0,178800000.0,8901000.0,1706.0,128200.0,486400.0
369000,960.0,13920000.0,333200.0,175700000.0,8862000.0,1633.0,128100.0,478900.0
370000,960.0,13490000.0,321700.0,172600000.0,8823000.0,1563.0,127900.0,471500.0
371000,960.0,13090000.0,310600.0,169600000.0,8784000.0,1496.0,127800.0,464200.0
372000,960.1,12690000.0,299800.0,166600000.0,8746000.0,1431.0,127600.0,457000.0
373000,960.1,12300000.0,289500.0,163700000.0,8707000.0,1370.0,127500.0,449900.0
374000,960.1,11930000.0,279500.0,160900000.0,8669000.0,1311.0,127400.0,442900.0
375000,960.1,11570000.0,269800.0,158100000.0,8631000.0,1255.0,127200.0,436100.0
376000,960.1,11220000.0,260500.0,155300000.0,8593000.0,1201.0,127100.0,429400.0
377000,960.1,10880000.0,251500.0,152600000.0,8555000.0,1149.0,126900.0,422700.0
378000,960.1,10550000.0,242900.0,150000000.0,8518000.0,1100.0,126800.0,416200.0
379000,960.2,10230000.0,234500.0,147400000.0,8481000.0,1053.0,126700.0,409800.0
380000,960.2,9925000.0,226400.0,144800000.0,8444000.0,1008.0,126500.0,403500.0
381000,960.2,9625000.0,218600.0,142300000.0,8407000.0,964.5,126400.0,397300.0
382000,960.2,9335000.0,211100.0,139800000.0,8370000.0,923.2,126200.0,391200.0
383000,960.2,9053000.0,203800.0,137400000.0,8333000.0,883.6,126100.0,385100.0
384000,960.2,8780000.0,196800.0,135000000.0,8297000.0,845.8,126000.0,379200.0
385000,960.2,8515000.0,190000.0,132700000.0,8260000.0,809.6,125800.0,373400.0
386000,960.3,8258000.0,183500.0,130400000.0,8224000.0,774.9,125700.0,367700.0
387000,960.3,8009000.0,177200.0,128100000.0,8188000.0,741.8,125600.0,362000.0
388000,960.3,7768000.0,171100.0,125900000.0,8153000.0,710.1,125400.0,356500.0
389000,960.3,7534000.0,165200.0,123700000.0,8117000.0,679.7,125300.0,351000.0
390000,960.3,7307000.0,159600.0,121600000.0,8082000.0,650.7,125100.0,345600.0
391000,960.3,7087000.0,154100.0,119400000.0,8046000.0,622.9,125000.0,340300.0
392000,960.3,6874000.0,148800.0,117400000.0,8011000.0,596.3,124900.0,335100.0
393000,960.3,6667000.0,143700.0,115300000.0,7976000.0,570.8,124700.0,330000.0
394000,960.3,6467000.0,138800.0,113300000.0,7942000.0,546.4,124600.0,325000.0
395000,960.3,6272000.0,134000.0,111400000.0,7907000.0,523.1,124500.0,320000.0
396000,960.4,6084000.0,129400.0,109500000.0,7873000.0,500.8,124300.0,315100.0
397000,960.4,5901000.0,125000.0,107600000.0,7838000.0,479.4,124200.0,310300.0
398000,960.4,5724000.0,120700.0,105700000.0,7804000.0,459.0,124000.0,305600.0
399000,960.4,5552000.0,116600.0,103900000.0,7770000.0,439.4,123900.0,300900.0
400000,960.4,5385000.0,112600.0,102100000.0,7736000.0,420.7,123800.0,296300.0
401000,960.4,5223000.0,108700.0,100300000.0,7703000.0,402.8,123600.0,291800.0
402000,960.4,5067000.0,105000.0,98600000.0,7669000.0,385.6,123500.0,287400.0
403000,960.4,4915000.0,101400.0,96900000.0,7636000.0,369.2,123400.0,283000.0
404000,960.4,4767000.0,97930.0,95220000.0,7603000.0,353.5,123200.0,278700.0
405000,960.4,4624000.0,94580.0,93580000.0,7570000.0,338.5,123100.0,274400.0
406000,960.4,4486000.0,91350.0,91970000.0,7537000.0,324.1,123000.0,270300.0
407000,960.4,4351000.0,88230.0,90380000.0,7504000.0,310.3,122800.0,266200.0
408000,960.4,4221000.0,85210.0,88830000.0,7472000.0,297.1,122700.0,262100.0
409000,960.4,4095000.0,82300.0,87300000.0,7439000.0,284.5,122600.0,258100.0
410000,960.5,3972000.0,79500.0,85790000.0,7407000.0,272.4,122400.0,254200.0
411000,960.5,3853000.0,76780.0,84320000.0,7375000.0,260.8,122300.0,250400.0
412000,960.5,3738000.0,74160.0,82870000.0,7343000.0,249.8,122200.0,246600.0
413000,960.5,3626000.0,71630.0,81440000.0,7311000.0,239.2,122000.0,242800.0
414000,960.5,3518000.0,69190.0,80040000.0,7280000.0,229.0,121900.0,239200.0
415000,960.5,3413000.0,66830.0,78670000.0,7248000.0,219.3,121800.0,235500.0
416000,960.5,3311000.0,64560.0,77310000.0,7217000.0,210.0,121600.0,232000.0
417000,960.5,3212000.0,62360.0,75990000.0,7186000.0,201.1,121500.0,228500.0
418000,960.5,3116000.0,60230.0,74680000.0,7154000.0,192.6,121400.0,225000.0
419000,960.5,3023000.0,58180.0,73400000.0,7124000.0,184.4,121200.0,221600.0
420000,960.5,2933000.0,56200.0,72140000.0,7093000.0,176.6,121100.0,218300.0
421000,960.5,2845000.0,54290.0,70900000.0,7062000.0,169.1,121000.0,215000.0
422000,960.5,2760000.0,52440.0,69680000.0,7032000.0,162.0,120800.0,211700.0
423000,960.5,2678000.0,50660.0,68490000.0,7001000.0,155.1,120700.0,208500.0
424000,960.5,2598000.0,48940.0,67320000.0,6971000.0,148.6,120600.0,205400.0
425000,960.5,2521000.0,47280.0,66160000.0,6941000.0,142.3,120500.0,202300.0
426000,960.5,2446000.0,45670.0,65030000.0,6911000.0,136.3,120300.0,199200.0
427000,960.5,2373000.0,44120.0,63910000.0,6881000.0,130.5,120200.0,196200.0
428000,960.5,2302000.0,42620.0,62820000.0,6852000.0,125.0,120100.0,193300.0
429000,960.5,2234000.0,41170.0,61740000.0,6822000.0,119.7,119900.0,190400.0
430000,960.6,2167000.0,39780.0,60690000.0,6793000.0,114.7,119800.0,187500.0
431000,960.6,2103000.0,38430.0,59650000.0,6763000.0,109.8,119700.0,184700.0
432000,960.6,2040000.0,37130.0,58630000.0,6734000.0,105.2,119500.0,181900.0
433000,960.6,1980000.0,35870.0,57630000.0,6705000.0,100.7,119400.0,179200.0
434000,960.6,1921000.0,34650.0,56640000.0,6677000.0,96.49,119300.0,176500.0
435000,960.6,1864000.0,33480.0,55670000.0,6648000.0,92.42,119200.0,173800.0
436000,960.6,1808000.0,32340.0,54720000.0,6619000.0,88.53,119000.0,171200.0
437000,960.6,1755000.0,31250.0,53790000.0,6591000.0,84.79,118900.0,168600.0
438000,960.6,1703000.0,30190.0,52870000.0,6562000.0,81.22,118800.0,166100.0
439000,960.6,1652000.0,29170.0,51970000.0,6534000.0,77.8,118600.0,163600.0
440000,960.6,1603000.0,28180.0,51080000.0,6506000.0,74.53,118500.0,161200.0
441000,960.6,1556000.0,27230.0,50210000.0,6478000.0,71.39,118400.0,158800.0
442000,960.6,1510000.0,26310.0,49350000.0,6450000.0,68.38,118300.0,156400.0
443000,960.6,1465000.0,25420.0,48510000.0,6423000.0,65.51,118100.0,154000.0
444000,960.6,1421000.0,24560.0,47690000.0,6395000.0,62.75,118000.0,151700.0
445000,960.6,1379000.0,23730.0,46870000.0,6368000.0,60.11,117900.0,149500.0
446000,960.6,1338000.0,22930.0,46080000.0,6341000.0,57.59,117800.0,147200.0
447000,960.6,1299000.0,22160.0,45290000.0,6313000.0,55.17,117600.0,145000.0
448000,960.6,1260000.0,21410.0,44520000.0,6286000.0,52.85,117500.0,142800.0
449000,960.6,1223000.0,20690.0,43760000.0,6259000.0,50.63,117400.0,140700.0
450000,960.6,1187000.0,19990.0,43020000.0,6233000.0,48.51,117300.0,138600.0
451000,960.6,1152000.0,19310.0,42290000.0,6206000.0,46.47,117100.0,136300.0
452000,960.6,1118000.0,18660.0,41570000.0,6179000.0,44.52,117000.0,134300.0
453000,960.6,1085000.0,18030.0,40860000.0,6153000.0,42.65,116900.0,132300.0
454000,960.6,1053000.0,17430.0,40170000.0,6127000.0,40.86,116700.0,130300.0
455000,960.6,1022000.0,16840.0,39490000.0,6100000.0,39.15,116600.0,128400.0
456000,960.6,991500.0,16270.0,38810000.0,6074000.0,37.51,116500.0,126500.0
457000,960.6,962200.0,15720.0,38160000.0,6048000.0,35.94,116400.0,124600.0
458000,960.6,933800.0,15200.0,37510000.0,6023000.0,34.43,116200.0,122800.0
459000,960.6,906300.0,14680.0,36870000.0,5997000.0,32.99,116100.0,120900.0
460000,960.6,879500.0,14190.0,36250000.0,5971000.0,31.61,116000.0,119100.0
461000,960.6,853600.0,13710.0,35630000.0,5946000.0,30.29,115900.0,117400.0
462000,960.6,828400.0,13250.0,35030000.0,5920000.0,29.02,115800.0,115600.0
463000,960.6,804000.0,12810.0,34430000.0,5895000.0,27.81,115600.0,113900.0
464000,960.6,780400.0,12380.0,33850000.0,5870000.0,26.64,115500.0,112200.0
465000,960.6,757400.0,11960.0,33280000.0,5845000.0,25.53,115400.0,110500.0
466000,960.6,735100.0,11560.0,32710000.0,5820000.0,24.46,115300.0,108900.0
467000,960.6,713400.0,11170.0,32160000.0,5795000.0,23.44,115100.0,107300.0
468000,960.6,692500.0,10800.0,31620000.0,5771000.0,22.46,115000.0,105700.0
469000,960.6,672100.0,10430.0,31080000.0,5746000.0,21.53,114900.0,104100.0
470000,960.6,652300.0,10080.0,30560000.0,5722000.0,20.63,114800.0,102600.0
471000,960.6,633200.0,9746.0,30040000.0,5697000.0,19.77,114600.0,101100.0
472000,960.6,614500.0,9420.0,29530000.0,5673000.0,18.94,114500.0,99580.0
473000,960.6,596500.0,9104.0,29030000.0,5649000.0,18.15,114400.0,98110.0
474000,960.6,579000.0,8799.0,28540000.0,5625000.0,17.39,114300.0,96660.0
475000,960.6,562000.0,8505.0,28060000.0,5601000.0,16.67,114200.0,95230.0
476000,960.7,545500.0,8220.0,27590000.0,5577000.0,15.98,114000.0,93820.0
477000,960.7,529500.0,7945.0,27120000.0,5554000.0,15.31,113900.0,92430.0
478000,960.7,513900.0,7679.0,26660000.0,5530000.0,14.67,113800.0,91070.0
479000,960.7,498900.0,7422.0,26210000.0,5507000.0,14.06,113700.0,89720.0
480000,960.7,484200.0,7174.0,25770000.0,5483000.0,13.48,113600.0,88390.0
481000,960.7,470000.0,6934.0,25340000.0,5460000.0,12.92,113400.0,87090.0
482000,960.7,456300.0,6703.0,24910000.0,5437000.0,12.38,113300.0,85800.0
483000,960.7,442900.0,6479.0,24490000.0,5414000.0,11.86,113200.0,84540.0
484000,960.7,429900.0,6262.0,24080000.0,5391000.0,11.37,113100.0,83290.0
485000,960.7,417400.0,6053.0,23670000.0,5368000.0,10.9,113000.0,82060.0
486000,960.7,405100.0,5851.0,23270000.0,5345000.0,10.45,112800.0,80850.0
487000,960.7,393300.0,5656.0,22880000.0,5323000.0,10.01,112700.0,79660.0
488000,960.7,381800.0,5467.0,22500000.0,5300000.0,9.595,112600.0,78490.0
489000,960.7,370600.0,5285.0,22120000.0,5278000.0,9.197000000000001,112500.0,77330.0
490000,960.7,359800.0,5109.0,21750000.0,5255000.0,8.815,112400.0,76190.0
491000,960.7,349300.0,4938.0,21380000.0,5233000.0,8.45,112200.0,75070.0
492000,960.7,339100.0,4774.0,21020000.0,5211000.0,8.099,112100.0,73970.0
493000,960.7,329200.0,4615.0,20670000.0,5189000.0,7.763,112000.0,72880.0
494000,960.7,319500.0,4461.0,20320000.0,5167000.0,7.442,111900.0,71810.0
495000,960.7,310200.0,4313.0,19980000.0,5145000.0,7.132999999999999,111800.0,70750.0
496000,960.7,301200.0,4169.0,19650000.0,5124000.0,6.837999999999999,111600.0,69710.0
497000,960.7,292400.0,4030.0,19320000.0,5102000.0,6.555,111500.0,68690.0
498000,960.7,283900.0,3896.0,18990000.0,5080000.0,6.2829999999999995,111400.0,67680.0
499000,960.7,275600.0,3767.0,18670000.0,5059000.0,6.023,111300.0,66680.0
500000,960.7,267500.0,3642.0,18360000.0,5038000.0,5.774,111200.0,65700.0
501000,960.7,259700.0,3520.0,18050000.0,5016000.0,5.535,111100.0,64740.0
502000,960.7,252200.0,3404.0,17750000.0,4995000.0,5.306,110900.0,63790.0
503000,960.7,244800.0,3290.0,17450000.0,4974000.0,5.087,110800.0,62850.0
504000,960.7,237700.0,3181.0,17160000.0,4953000.0,4.876,110700.0,61930.0
505000,960.7,230800.0,3076.0,16870000.0,4932000.0,4.675,110600.0,61020.0
506000,960.7,224100.0,2974.0,16590000.0,4912000.0,4.482,110500.0,60130.0
507000,960.7,217600.0,2875.0,16310000.0,4891000.0,4.297,110400.0,59250.0
508000,960.7,211200.0,2780.0,16040000.0,4870000.0,4.119,110200.0,58380.0
509000,960.7,205100.0,2687.0,15770000.0,4850000.0,3.949,110100.0,57530.0
510000,960.7,199100.0,2598.0,15510000.0,4829000.0,3.786,110000.0,56680.0
511000,960.7,193300.0,2512.0,15250000.0,4809000.0,3.63,109900.0,55850.0
512000,960.7,187700.0,2429.0,15000000.0,4789000.0,3.48,109800.0,55040.0
513000,960.7,182300.0,2349.0,14750000.0,4769000.0,3.3369999999999997,109700.0,54230.0
514000,960.7,177000.0,2271.0,14500000.0,4749000.0,3.199,109500.0,53440.0
515000,960.7,171800.0,2196.0,14260000.0,4729000.0,3.068,109400.0,52660.0
516000,960.7,166900.0,2123.0,14020000.0,4709000.0,2.9410000000000003,109300.0,51890.0
517000,960.7,162000.0,2053.0,13790000.0,4689000.0,2.82,109200.0,51130.0
518000,960.7,157300.0,1985.0,13560000.0,4670000.0,2.7039999999999997,109100.0,50380.0
519000,960.7,152800.0,1919.0,13330000.0,4650000.0,2.593,109000.0,49650.0
520000,960.7,148300.0,1856.0,13110000.0,4630000.0,2.4859999999999998,108900.0,48920.0
521000,960.7,144000.0,1794.0,12890000.0,4611000.0,2.384,108700.0,48210.0
522000,960.7,139900.0,1735.0,12670000.0,4592000.0,2.286,108600.0,47500.0
523000,960.7,135800.0,1678.0,12460000.0,4573000.0,2.1919999999999997,108500.0,46810.0
524000,960.7,131900.0,1622.0,12260000.0,4553000.0,2.102,108400.0,46130.0
525000,960.7,128100.0,1569.0,12050000.0,4534000.0,2.015,108300.0,45460.0
526000,960.7,124400.0,1517.0,11850000.0,4515000.0,1.933,108200.0,44790.0
527000,960.7,120800.0,1467.0,11650000.0,4496000.0,1.8530000000000002,108100.0,44140.0
528000,960.7,117300.0,1419.0,11460000.0,4478000.0,1.777,107900.0,43500.0
529000,960.7,113900.0,1372.0,11270000.0,4459000.0,1.704,107800.0,42870.0
530000,960.7,110600.0,1327.0,11080000.0,4440000.0,1.6340000000000001,107700.0,42240.0
531000,960.7,107400.0,1283.0,10900000.0,4422000.0,1.567,107600.0,41630.0
532000,960.7,104300.0,1241.0,10720000.0,4403000.0,1.5030000000000001,107500.0,41020.0
533000,960.7,101300.0,1200.0,10540000.0,4385000.0,1.4409999999999998,107400.0,40420.0
534000,960.7,98350.0,1160.0,10360000.0,4367000.0,1.382,107300.0,39840.0
535000,960.7,95520.0,1122.0,10190000.0,4348000.0,1.3259999999999998,107200.0,39260.0
536000,960.7,92760.0,1085.0,10020000.0,4330000.0,1.271,107000.0,38690.0
537000,960.7,90090.0,1050.0,9858000.0,4312000.0,1.219,106900.0,38130.0
538000,960.7,87490.0,1015.0,9694000.0,4294000.0,1.169,106800.0,37570.0
539000,960.7,84970.0,981.7,9533000.0,4276000.0,1.122,106700.0,37030.0
540000,960.7,82520.0,949.4,9376000.0,4258000.0,1.0759999999999998,106600.0,36490.0
541000,960.7,80140.0,918.2,9220000.0,4241000.0,1.032,106500.0,35960.0
542000,960.7,77830.0,888.1,9068000.0,4223000.0,0.9895,106400.0,35440.0
543000,960.7,75590.0,858.9,8917000.0,4205000.0,0.9491,106300.0,34920.0
544000,960.7,73420.0,830.7,8770000.0,4188000.0,0.9103,106200.0,34420.0
545000,960.7,71300.0,803.4,8625000.0,4170000.0,0.8731,106000.0,33920.0
546000,960.7,69250.0,777.1,8482000.0,4153000.0,0.8374,105900.0,33430.0
547000,960.7,67260.0,751.6,8342000.0,4136000.0,0.8032,105800.0,32940.0
548000,960.7,65330.0,726.9,8204000.0,4119000.0,0.7705,105700.0,32470.0
549000,960.7,63450.0,703.1,8068000.0,4101000.0,0.7390000000000001,105600.0,32000.0
550000,960.7,61630.0,680.1,7935000.0,4084000.0,0.7089,105500.0,31530.0
551000,960.7,59860.0,657.8,7804000.0,4067000.0,0.68,105400.0,31080.0
552000,960.7,58140.0,636.3,7675000.0,4051000.0,0.6522,105300.0,30630.0
553000,960.7,56470.0,615.4,7548000.0,4034000.0,0.6257,105200.0,30180.0
554000,960.7,54850.0,595.3,7424000.0,4017000.0,0.6002,105100.0,29750.0
555000,960.7,53270.0,575.8,7301000.0,4000000.0,0.5757,104900.0,29320.0
556000,960.7,51740.0,557.0,7181000.0,3984000.0,0.5523,104800.0,28890.0
557000,960.7,50260.0,538.7,7062000.0,3967000.0,0.5298,104700.0,28480.0
558000,960.7,48820.0,521.1,6946000.0,3951000.0,0.5082,104600.0,28070.0
559000,960.7,47420.0,504.1,6832000.0,3934000.0,0.4875,104500.0,27660.0
560000,960.7,46060.0,487.6,6719000.0,3918000.0,0.4677,104400.0,27260.0
561000,960.7,44740.0,471.7,6608000.0,3902000.0,0.4487,104300.0,26870.0
562000,960.7,43460.0,456.3,6500000.0,3886000.0,0.4304,104200.0,26480.0
563000,960.7,42220.0,441.4,6393000.0,3870000.0,0.4129,104100.0,26100.0
564000,960.7,41010.0,427.0,6287000.0,3854000.0,0.3962,104000.0,25720.0
565000,960.7,39840.0,413.0,6184000.0,3838000.0,0.3801,103900.0,25350.0
566000,960.7,38700.0,399.6,6082000.0,3822000.0,0.3646,103800.0,24990.0
567000,960.7,37590.0,386.5,5982000.0,3806000.0,0.3498,103600.0,24630.0
568000,960.7,36510.0,373.9,5884000.0,3790000.0,0.3356,103500.0,24270.0
569000,960.7,35470.0,361.7,5787000.0,3775000.0,0.322,103400.0,23920.0
570000,960.7,34460.0,350.0,5692000.0,3759000.0,0.309,103300.0,23580.0
571000,960.7,33470.0,338.6,5599000.0,3743000.0,0.2964,103200.0,23240.0
572000,960.7,32520.0,327.5,5507000.0,3728000.0,0.2844,103100.0,22910.0
573000,960.7,31590.0,316.9,5416000.0,3713000.0,0.2729,103000.0,22580.0
574000,960.7,30690.0,306.6,5327000.0,3697000.0,0.2618,102900.0,22250.0
575000,960.7,29810.0,296.6,5240000.0,3682000.0,0.2512,102800.0,21930.0
576000,960.7,28960.0,286.9,5154000.0,3667000.0,0.24100000000000002,102700.0,21620.0
577000,960.7,28140.0,277.6,5070000.0,3652000.0,0.2313,102600.0,21310.0
578000,960.7,27330.0,268.6,4987000.0,3637000.0,0.2219,102500.0,21000.0
579000,960.7,26560.0,259.8,4905000.0,3622000.0,0.2129,102400.0,20700.0
580000,960.7,25800.0,251.4,4824000.0,3607000.0,0.2043,102300.0,20400.0
581000,960.7,25060.0,243.2,4745000.0,3592000.0,0.1961,102200.0,20110.0
582000,960.7,24350.0,235.3,4668000.0,3577000.0,0.1881,102000.0,19820.0
583000,960.7,23660.0,227.7,4591000.0,3562000.0,0.1805,101900.0,19540.0
584000,960.7,22980.0,220.3,4516000.0,3548000.0,0.1732,101800.0,19260.0
585000,960.7,22330.0,213.2,4442000.0,3533000.0,0.1662,101700.0,18980.0
586000,960.7,21690.0,206.2,4370000.0,3518000.0,0.1595,101600.0,18710.0
587000,960.7,21080.0,199.6,4298000.0,3504000.0,0.1531,101500.0,18440.0
588000,960.7,20480.0,193.1,4228000.0,3490000.0,0.1469,101400.0,18180.0
589000,960.7,19900.0,186.8,4159000.0,3475000.0,0.141,101300.0,17920.0
590000,960.7,19330.0,180.8,4091000.0,3461000.0,0.1353,101200.0,17660.0
591000,960.7,18780.0,174.9,4024000.0,3447000.0,0.1298,101100.0,17410.0
592000,960.7,18250.0,169.3,3959000.0,3433000.0,0.1246,101000.0,17160.0
593000,960.7,17730.0,163.8,3894000.0,3419000.0,0.1196,100900.0,16910.0
594000,960.7,17230.0,158.5,3830000.0,3405000.0,0.1148,100800.0,16670.0
595000,960.7,16740.0,153.3,3768000.0,3391000.0,0.1101,100700.0,16430.0
596000,960.7,16260.0,148.4,3706000.0,3377000.0,0.1057,100600.0,16200.0
597000,960.7,15800.0,143.6,3646000.0,3363000.0,0.1015,100500.0,15970.0
598000,960.7,15360.0,138.9,3587000.0,3349000.0,0.09737,100400.0,15740.0
599000,960.7,14920.0,134.5,3528000.0,3335000.0,0.09345,100300.0,15520.0
600000,960.7,14500.0,130.1,3471000.0,3322000.0,0.08968999999999999,100200.0,15290.0
601000,960.7,14090.0,125.9,3414000.0,3308000.0,0.08609,100100.0,15080.0
602000,960.7,13690.0,121.8,3359000.0,3294000.0,0.08263,99970.0,14860.0
603000,960.7,13300.0,117.9,3304000.0,3281000.0,0.07931,99870.0,14650.0
604000,960.7,12920.0,114.1,3250000.0,3268000.0,0.07612000000000001,99770.0,14440.0
605000,960.7,12560.0,110.4,3197000.0,3254000.0,0.07306,99660.0,14240.0
606000,960.7,12200.0,106.9,3145000.0,3241000.0,0.07013,99560.0,14030.0
607000,960.7,11860.0,103.4,3094000.0,3228000.0,0.06731000000000001,99460.0,13830.0
608000,960.7,11520.0,100.1,3044000.0,3214000.0,0.06461,99360.0,13640.0
609000,960.7,11200.0,96.86,2995000.0,3201000.0,0.06202000000000001,99260.0,13440.0
610000,960.7,10880.0,93.74,2946000.0,3188000.0,0.059529999999999986,99150.0,13250.0
611000,960.7,10570.0,90.72,2898000.0,3175000.0,0.057139999999999996,99050.0,13060.0
612000,960.7,10280.0,87.79,2851000.0,3162000.0,0.05485,98950.0,12880.0
613000,960.7,9986.0,84.97,2805000.0,3149000.0,0.052660000000000005,98850.0,12690.0
614000,960.7,9704.0,82.23,2759000.0,3136000.0,0.05055,98750.0,12510.0
615000,960.7,9430.0,79.59,2715000.0,3124000.0,0.04852,98650.0,12340.0
616000,960.7,9164.0,77.03,2670000.0,3111000.0,0.04658,98550.0,12160.0
617000,960.7,8906.0,74.55,2627000.0,3098000.0,0.04471,98450.0,11990.0
618000,960.7,8655.0,72.16,2585000.0,3086000.0,0.04292,98350.0,11820.0
619000,960.7,8411.0,69.84,2543000.0,3073000.0,0.041210000000000004,98250.0,11650.0
620000,960.7,8174.0,67.59,2502000.0,3061000.0,0.039560000000000005,98150.0,11480.0
621000,960.7,7944.0,65.42,2461000.0,3048000.0,0.03798,98050.0,11320.0
622000,960.7,7720.0,63.32,2421000.0,3036000.0,0.03646,97950.0,11160.0
623000,960.7,7503.0,61.29,2382000.0,3023000.0,0.035,97850.0,11000.0
624000,960.7,7292.0,59.32,2344000.0,3011000.0,0.0336,97750.0,10850.0
625000,960.7,7087.0,57.42,2306000.0,2999000.0,0.032260000000000004,97650.0,10690.0
626000,960.7,6887.0,55.58,2268000.0,2987000.0,0.030969999999999998,97550.0,10540.0
627000,960.7,6694.0,53.79,2232000.0,2974000.0,0.02974,97450.0,10390.0
628000,960.7,6506.0,52.07,2196000.0,2962000.0,0.02855,97350.0,10250.0
629000,960.7,6323.0,50.4,2160000.0,2950000.0,0.027410000000000004,97250.0,10100.0
630000,960.7,6145.0,48.79,2125000.0,2938000.0,0.02632,97150.0,9958.0
631000,960.7,5973.0,47.22,2091000.0,2926000.0,0.025269999999999997,97050.0,9817.0
632000,960.7,5805.0,45.71,2057000.0,2914000.0,0.02426,96950.0,9678.0
633000,960.7,5642.0,44.25,2024000.0,2903000.0,0.02329,96860.0,9541.0
634000,960.7,5484.0,42.83,1991000.0,2891000.0,0.022369999999999998,96760.0,9406.0
635000,960.7,5330.0,41.46,1959000.0,2879000.0,0.021480000000000003,96660.0,9274.0
636000,960.7,5180.0,40.14,1928000.0,2867000.0,0.02062,96560.0,9143.0
637000,960.7,5035.0,38.85,1897000.0,2856000.0,0.0198,96460.0,9014.0
638000,960.7,4894.0,37.61,1866000.0,2844000.0,0.01901,96370.0,8886.0
639000,960.7,4757.0,36.41,1836000.0,2833000.0,0.01825,96270.0,8761.0
640000,960.7,4624.0,35.25,1806000.0,2821000.0,0.01753,96170.0,8637.0
641000,960.7,4494.0,34.12,1777000.0,2810000.0,0.01683,96070.0,8516.0
642000,960.7,4368.0,33.03,1749000.0,2798000.0,0.01616,95970.0,8396.0
643000,960.7,4246.0,31.98,1721000.0,2787000.0,0.015519999999999999,95880.0,8277.0
644000,960.7,4127.0,30.96,1693000.0,2776000.0,0.0149,95780.0,8161.0
645000,960.7,4012.0,29.97,1666000.0,2765000.0,0.01431,95680.0,8046.0
646000,960.7,3900.0,29.01,1639000.0,2753000.0,0.01374,95590.0,7932.0
647000,960.7,3791.0,28.09,1613000.0,2742000.0,0.0132,95490.0,7821.0
648000,960.7,3685.0,27.19,1587000.0,2731000.0,0.01267,95390.0,7711.0
649000,960.7,3582.0,26.33,1561000.0,2720000.0,0.01217,95300.0,7602.0
650000,960.7,3482.0,25.49,1536000.0,2709000.0,0.01169,95200.0,7495.0
651000,960.7,3385.0,24.68,1511000.0,2698000.0,0.01123,95100.0,7390.0
652000,960.7,3290.0,23.89,1487000.0,2687000.0,0.01078,95010.0,7286.0
653000,960.7,3198.0,23.13,1463000.0,2677000.0,0.01035,94910.0,7184.0
654000,960.7,3109.0,22.39,1440000.0,2666000.0,0.009943,94820.0,7083.0
655000,960.7,3022.0,21.68,1417000.0,2655000.0,0.009549,94720.0,6983.0
656000,960.7,2938.0,20.99,1394000.0,2644000.0,0.009170999999999999,94620.0,6885.0
657000,960.7,2856.0,20.32,1372000.0,2634000.0,0.008808,94530.0,6789.0
658000,960.7,2776.0,19.68,1350000.0,2623000.0,0.008459,94430.0,6693.0
659000,960.7,2699.0,19.05,1328000.0,2612000.0,0.008125,94340.0,6599.0
660000,960.7,2624.0,18.45,1307000.0,2602000.0,0.007803,94240.0,6507.0
661000,960.7,2551.0,17.86,1286000.0,2591000.0,0.007495,94150.0,6416.0
662000,960.7,2480.0,17.29,1265000.0,2581000.0,0.007198,94050.0,6326.0
663000,960.7,2411.0,16.75,1245000.0,2571000.0,0.006914,93960.0,6237.0
664000,960.7,2344.0,16.21,1225000.0,2560000.0,0.006640999999999999,93860.0,6150.0
665000,960.7,2279.0,15.7,1206000.0,2550000.0,0.006379,93770.0,6063.0
666000,960.7,2215.0,15.2,1186000.0,2540000.0,0.0061270000000000005,93680.0,5979.0
667000,960.7,2154.0,14.72,1167000.0,2530000.0,0.0058850000000000005,93580.0,5895.0
668000,960.7,2094.0,14.25,1149000.0,2519000.0,0.005653,93490.0,5812.0
669000,960.7,2036.0,13.8,1130000.0,2509000.0,0.00543,93390.0,5731.0
670000,960.7,1979.0,13.36,1112000.0,2499000.0,0.005215,93300.0,5651.0
671000,960.7,1924.0,12.94,1095000.0,2489000.0,0.0050100000000000006,93210.0,5572.0
672000,960.7,1871.0,12.53,1077000.0,2479000.0,0.0048119999999999994,93110.0,5494.0
673000,960.7,1819.0,12.13,1060000.0,2469000.0,0.0046229999999999995,93020.0,5417.0
674000,960.7,1768.0,11.75,1043000.0,2459000.0,0.004441,92920.0,5342.0
675000,960.7,1719.0,11.38,1026000.0,2449000.0,0.004266,92830.0,5267.0
676000,960.7,1672.0,11.02,1010000.0,2440000.0,0.004098,92740.0,5193.0
677000,960.7,1625.0,10.67,993900.0,2430000.0,0.003936,92650.0,5121.0
678000,960.7,1580.0,10.33,978100.0,2420000.0,0.003781,92550.0,5050.0
679000,960.7,1536.0,10.01,962500.0,2410000.0,0.003633,92460.0,4979.0
680000,960.7,1494.0,9.69,947200.0,2401000.0,0.00349,92370.0,4910.0
681000,960.7,1453.0,9.384,932100.0,2391000.0,0.003353,92270.0,4841.0
682000,960.7,1412.0,9.088,917300.0,2382000.0,0.003221,92180.0,4774.0
683000,960.7,1373.0,8.801,902700.0,2372000.0,0.003094,92090.0,4707.0
684000,960.7,1335.0,8.523,888300.0,2363000.0,0.002973,92000.0,4642.0
685000,960.7,1298.0,8.255,874200.0,2353000.0,0.002856,91900.0,4577.0
686000,960.7,1262.0,7.994,860300.0,2344000.0,0.002744,91810.0,4513.0
687000,960.7,1228.0,7.742000000000001,846600.0,2334000.0,0.002636,91720.0,4450.0
688000,960.7,1194.0,7.4979999999999976,833200.0,2325000.0,0.0025329999999999997,91630.0,4388.0
689000,960.7,1161.0,7.2620000000000005,820000.0,2316000.0,0.002433,91540.0,4327.0
690000,960.7,1129.0,7.0329999999999995,806900.0,2306000.0,0.002338,91450.0,4267.0
691000,960.7,1097.0,6.812,794100.0,2297000.0,0.002246,91350.0,4208.0
692000,960.7,1067.0,6.597,781500.0,2288000.0,0.0021579999999999998,91260.0,4149.0
693000,960.7,1038.0,6.388999999999999,769100.0,2279000.0,0.002073,91170.0,4092.0
694000,960.7,1009.0,6.188,756900.0,2270000.0,0.0019920000000000003,91080.0,4035.0
695000,960.7,981.2,5.994,744900.0,2261000.0,0.0019140000000000001,90990.0,3979.0
696000,960.7,954.1,5.805,733100.0,2252000.0,0.0018390000000000001,90900.0,3924.0
697000,960.7,927.8,5.6229999999999976,721500.0,2243000.0,0.0017670000000000001,90810.0,3869.0
698000,960.7,902.3,5.4460000000000015,710100.0,2234000.0,0.001698,90720.0,3816.0
699000,960.7,877.4,5.275,698800.0,2225000.0,0.001632,90630.0,3763.0
700000,960.7,853.2,5.109,687800.0,2216000.0,0.001568,90540.0,3710.0
701000,960.7,829.7,4.949,676900.0,2207000.0,0.001507,90450.0,3659.0
702000,960.7,806.9,4.793,666200.0,2199000.0,0.001448,90360.0,3608.0
703000,960.7,784.7,4.643,655600.0,2190000.0,0.001391,90270.0,3558.0
704000,960.7,763.1,4.497,645300.0,2181000.0,0.0013369999999999999,90180.0,3509.0
705000,960.7,742.1,4.356,635100.0,2172000.0,0.001284,90090.0,3460.0
706000,960.7,721.7,4.218999999999999,625000.0,2164000.0,0.001234,90000.0,3412.0
707000,960.7,701.9,4.087,615100.0,2155000.0,0.001186,89910.0,3365.0
708000,960.7,682.6,3.9589999999999996,605400.0,2147000.0,0.00114,89820.0,3319.0
709000,960.7,663.8,3.835,595900.0,2138000.0,0.0010949999999999998,89730.0,3273.0
710000,960.7,645.6,3.715,586400.0,2130000.0,0.001053,89640.0,3228.0
711000,960.7,627.9,3.5980000000000003,577200.0,2121000.0,0.0010119999999999999,89550.0,3183.0
712000,960.7,610.6,3.486,568100.0,2113000.0,0.0009722000000000001,89460.0,3139.0
713000,960.7,593.9,3.377,559100.0,2104000.0,0.0009343,89370.0,3096.0
714000,960.7,577.6,3.2710000000000004,550300.0,2096000.0,0.0008978999999999998,89280.0,3053.0
715000,960.7,561.7,3.1689999999999996,541600.0,2088000.0,0.0008629,89200.0,3011.0
716000,960.7,546.3,3.07,533100.0,2079000.0,0.0008292999999999999,89110.0,2969.0
717000,960.7,531.4,2.9739999999999998,524700.0,2071000.0,0.000797,89020.0,2928.0
718000,960.7,516.8,2.8810000000000002,516400.0,2063000.0,0.000766,88930.0,2888.0
719000,960.7,502.6,2.7910000000000004,508300.0,2055000.0,0.0007362,88840.0,2848.0
720000,960.7,488.9,2.7030000000000003,500300.0,2047000.0,0.0007076000000000001,88750.0,2809.0
721000,960.7,475.5,2.6189999999999998,492400.0,2039000.0,0.0006799999999999999,88670.0,2770.0
722000,960.7,462.5,2.537,484700.0,2031000.0,0.0006536000000000001,88580.0,2732.0
723000,960.7,449.8,2.458,477000.0,2022000.0,0.0006282,88490.0,2694.0
724000,960.7,437.5,2.381,469500.0,2014000.0,0.0006037999999999999,88400.0,2657.0
725000,960.7,425.5,2.307,462200.0,2007000.0,0.0005803,88320.0,2620.0
726000,960.7,413.9,2.235,454900.0,1999000.0,0.0005577999999999999,88230.0,2584.0
727000,960.7,402.6,2.165,447700.0,1991000.0,0.0005361000000000001,88140.0,2549.0
728000,960.7,391.6,2.0980000000000003,440700.0,1983000.0,0.0005153,88050.0,2514.0
729000,960.7,380.9,2.032,433800.0,1975000.0,0.0004953000000000001,87970.0,2479.0
730000,960.7,370.5,1.969,427000.0,1967000.0,0.0004761,87880.0,2445.0
731000,960.7,360.4,1.9080000000000001,420300.0,1959000.0,0.0004577,87790.0,2411.0
732000,960.7,350.5,1.848,413700.0,1952000.0,0.0004399,87710.0,2378.0
733000,960.7,341.0,1.791,407200.0,1944000.0,0.00042290000000000003,87620.0,2346.0
734000,960.7,331.7,1.735,400800.0,1936000.0,0.0004065,87530.0,2313.0
735000,960.7,322.6,1.681,394500.0,1929000.0,0.0003907,87450.0,2282.0
736000,960.7,313.8,1.629,388300.0,1921000.0,0.0003756,87360.0,2250.0
737000,960.7,305.3,1.578,382300.0,1914000.0,0.0003611,87270.0,2219.0
738000,960.7,296.9,1.5290000000000001,376300.0,1906000.0,0.00034710000000000003,87190.0,2189.0
739000,960.7,288.9,1.482,370400.0,1898000.0,0.0003337,87100.0,2159.0
740000,960.7,281.0,1.436,364600.0,1891000.0,0.0003208,87020.0,2129.0
741000,960.7,273.3,1.391,358900.0,1884000.0,0.0003083,86930.0,2100.0
742000,960.7,265.9,1.348,353300.0,1876000.0,0.0002964,86840.0,2071.0
743000,960.7,258.7,1.306,347700.0,1869000.0,0.000285,86760.0,2043.0
744000,960.7,251.6,1.265,342300.0,1861000.0,0.00027400000000000005,86670.0,2015.0
745000,960.7,244.8,1.226,336900.0,1854000.0,0.0002634,86590.0,1987.0
746000,960.7,238.1,1.188,331700.0,1847000.0,0.00025320000000000003,86500.0,1960.0
747000,960.7,231.6,1.151,326500.0,1840000.0,0.0002434,86420.0,1933.0
748000,960.7,225.3,1.1159999999999999,321400.0,1832000.0,0.000234,86330.0,1907.0
749000,960.7,219.2,1.081,316400.0,1825000.0,0.000225,86250.0,1881.0
750000,960.7,213.3,1.048,311400.0,1818000.0,0.00021630000000000005,86160.0,1855.0
751000,960.7,207.5,1.015,306600.0,1811000.0,0.00020800000000000001,86080.0,1830.0
752000,960.7,201.8,0.9837,301800.0,1804000.0,0.0002,85990.0,1805.0
753000,960.7,196.4,0.9532,297100.0,1797000.0,0.0001923,85910.0,1780.0
754000,960.7,191.0,0.9237,292400.0,1790000.0,0.00018480000000000002,85830.0,1756.0
755000,960.7,185.9,0.8951,287900.0,1783000.0,0.00017769999999999998,85740.0,1732.0
756000,960.7,180.8,0.8675,283400.0,1776000.0,0.0001709,85660.0,1708.0
757000,960.7,175.9,0.8406,279000.0,1769000.0,0.0001643,85570.0,1685.0
758000,960.7,171.1,0.8146,274600.0,1762000.0,0.00015800000000000002,85490.0,1662.0
759000,960.7,166.5,0.7895,270400.0,1755000.0,0.0001519,85410.0,1639.0
760000,960.7,162.0,0.7651,266100.0,1748000.0,0.00014609999999999995,85320.0,1617.0
761000,960.7,157.6,0.7414,262000.0,1741000.0,0.00014040000000000002,85240.0,1595.0
762000,960.7,153.3,0.7186,257900.0,1734000.0,0.000135,85150.0,1573.0
763000,960.7,149.2,0.6964,253900.0,1727000.0,0.0001298,85070.0,1552.0
764000,960.7,145.2,0.6749,250000.0,1721000.0,0.0001249,84990.0,1530.0
765000,960.7,141.2,0.6541,246100.0,1714000.0,0.00012009999999999998,84900.0,1510.0
766000,960.7,137.4,0.6339,242300.0,1707000.0,0.00011540000000000001,84820.0,1489.0
767000,960.7,133.7,0.6143,238500.0,1701000.0,0.00011100000000000001,84740.0,1469.0
768000,960.7,130.1,0.5954,234800.0,1694000.0,0.00010680000000000001,84660.0,1449.0
769000,960.7,126.6,0.5770000000000001,231100.0,1687000.0,0.00010270000000000004,84570.0,1429.0
770000,960.7,123.2,0.5593,227500.0,1681000.0,9.872e-05,84490.0,1410.0
771000,960.7,119.8,0.542,224000.0,1674000.0,9.493e-05,84410.0,1390.0
772000,960.7,116.6,0.5253,220500.0,1668000.0,9.129e-05,84320.0,1372.0
773000,960.7,113.4,0.5092,217100.0,1661000.0,8.779e-05,84240.0,1353.0
774000,960.7,110.4,0.4935,213800.0,1655000.0,8.443e-05,84160.0,1335.0
775000,960.7,107.4,0.4783,210400.0,1648000.0,8.119e-05,84080.0,1316.0
776000,960.7,104.5,0.4636,207200.0,1642000.0,7.808e-05,84000.0,1299.0
777000,960.7,101.7,0.4493,204000.0,1635000.0,7.509e-05,83910.0,1281.0
778000,960.7,98.95,0.4355,200800.0,1629000.0,7.222e-05,83830.0,1264.0
779000,960.7,96.28,0.4221,197700.0,1623000.0,6.945e-05,83750.0,1246.0
780000,960.7,93.69,0.4092,194600.0,1616000.0,6.68e-05,83670.0,1230.0
781000,960.7,91.17,0.3966,191600.0,1610000.0,6.424e-05,83590.0,1213.0
782000,960.7,88.71,0.3844,188700.0,1604000.0,6.179e-05,83510.0,1196.0
783000,960.7,86.32,0.3726,185700.0,1598000.0,5.942e-05,83420.0,1180.0
784000,960.7,84.0,0.3612,182900.0,1591000.0,5.715e-05,83340.0,1164.0
785000,960.7,81.74,0.3501,180000.0,1585000.0,5.497e-05,83260.0,1148.0
786000,960.7,79.54,0.3394,177300.0,1579000.0,5.287e-05,83180.0,1133.0
787000,960.7,77.4,0.32899999999999996,174500.0,1573000.0,5.085e-05,83100.0,1118.0
788000,960.7,75.32,0.3189,171800.0,1567000.0,4.891e-05,83020.0,1102.0
789000,960.7,73.3,0.3091,169200.0,1561000.0,4.704e-05,82940.0,1088.0
790000,960.7,71.33,0.2996,166600.0,1555000.0,4.525e-05,82860.0,1073.0
791000,960.7,69.41,0.2904,164000.0,1549000.0,4.352e-05,82780.0,1058.0
792000,960.7,67.55,0.2816,161500.0,1543000.0,4.186e-05,82700.0,1044.0
793000,960.7,65.74,0.2729,159000.0,1537000.0,4.027e-05,82620.0,1030.0
794000,960.7,63.97,0.2646,156500.0,1531000.0,3.873e-05,82540.0,1016.0
795000,960.7,62.26,0.2565,154100.0,1525000.0,3.726e-05,82460.0,1002.0
796000,960.7,60.59,0.2486,151700.0,1519000.0,3.584e-05,82380.0,988.7
797000,960.7,58.96,0.24100000000000002,149400.0,1513000.0,3.447e-05,82300.0,975.4
798000,960.7,57.38,0.2337,147100.0,1507000.0,3.316e-05,82220.0,962.2
799000,960.7,55.85,0.2265,144800.0,1501000.0,3.19e-05,82140.0,949.3
800000,960.7,54.35,0.2196,142600.0,1495000.0,3.068e-05,82060.0,936.4
801000,960.7,52.89,0.2129,140400.0,1490000.0,2.952e-05,81980.0,923.8
802000,960.7,51.48,0.2064,138200.0,1484000.0,2.839e-05,81900.0,911.4
803000,960.7,50.1,0.2001,136100.0,1478000.0,2.731e-05,81820.0,899.1
804000,960.7,48.76,0.19399999999999998,134000.0,1472000.0,2.628e-05,81740.0,887.0
805000,960.7,47.45,0.1881,131900.0,1467000.0,2.528e-05,81660.0,875.0
806000,960.7,46.18,0.1823,129900.0,1461000.0,2.432e-05,81580.0,863.3
807000,960.7,44.95,0.1768,127900.0,1455000.0,2.339e-05,81500.0,851.6
808000,960.7,43.75,0.1714,126000.0,1450000.0,2.251e-05,81420.0,840.2
809000,960.7,42.58,0.1661,124000.0,1444000.0,2.165e-05,81350.0,828.9
810000,960.7,41.44,0.1611,122100.0,1439000.0,2.083e-05,81270.0,817.7
811000,960.7,40.33,0.1562,120200.0,1433000.0,2.004e-05,81190.0,806.7
812000,960.7,39.26,0.1514,118400.0,1428000.0,1.928e-05,81110.0,795.9
813000,960.7,38.21,0.1468,116600.0,1422000.0,1.855e-05,81030.0,785.2
814000,960.7,37.19,0.1423,114800.0,1417000.0,1.785e-05,80950.0,774.6
815000,960.7,36.2,0.138,113000.0,1411000.0,1.717e-05,80870.0,764.2
816000,960.7,35.23,0.1338,111300.0,1406000.0,1.652e-05,80800.0,754.0
817000,960.7,34.29,0.1297,109600.0,1400000.0,1.589e-05,80720.0,743.9
818000,960.7,33.38,0.1258,107900.0,1395000.0,1.529e-05,80640.0,733.9
819000,960.7,32.49,0.122,106300.0,1389000.0,1.471e-05,80560.0,724.0
820000,960.7,31.62,0.1183,104600.0,1384000.0,1.416e-05,80490.0,714.3
821000,960.7,30.78,0.1147,103000.0,1379000.0,1.362e-05,80410.0,704.7
822000,960.7,29.96,0.1112,101500.0,1373000.0,1.31e-05,80330.0,695.3
823000,960.7,29.16,0.1078,99910.0,1368000.0,1.261e-05,80250.0,686.0
824000,960.7,28.39,0.1045,98380.0,1363000.0,1.213e-05,80180.0,676.8
825000,960.7,27.63,0.1014,96870.0,1358000.0,1.167e-05,80100.0,667.7
826000,960.7,26.9,0.09829,95390.0,1352000.0,1.123e-05,80020.0,658.8
827000,960.7,26.18,0.09531,93940.0,1347000.0,1.081e-05,79940.0,650.0
828000,960.7,25.49,0.09242,92500.0,1342000.0,1.04e-05,79870.0,641.3
829000,960.7,24.81,0.08962,91090.0,1337000.0,1.001e-05,79790.0,632.7
830000,960.7,24.15,0.0869,89700.0,1332000.0,9.63e-06,79710.0,624.2
831000,960.7,23.51,0.08427,88330.0,1327000.0,9.267000000000001e-06,79640.0,615.9
832000,960.7,22.88,0.08171,86980.0,1322000.0,8.918e-06,79560.0,607.6
833000,960.7,22.28,0.07923999999999999,85650.0,1317000.0,8.581e-06,79480.0,599.5
834000,960.7,21.69,0.07683999999999999,84350.0,1311000.0,8.258e-06,79410.0,591.5
835000,960.7,21.11,0.07451,83060.0,1306000.0,7.947e-06,79330.0,583.6
836000,960.7,20.55,0.07226,81790.0,1301000.0,7.647e-06,79260.0,575.8
837000,960.7,20.0,0.07007000000000001,80550.0,1296000.0,7.359e-06,79180.0,568.1
838000,960.7,19.47,0.06796,79320.0,1291000.0,7.082e-06,79100.0,560.6
839000,960.7,18.96,0.0659,78110.0,1287000.0,6.815e-06,79030.0,553.1
840000,960.7,18.46,0.06391000000000001,76920.0,1282000.0,6.5589999999999985e-06,78950.0,545.7
841000,960.7,17.97,0.061979999999999986,75750.0,1277000.0,6.3120000000000016e-06,78880.0,538.4
842000,960.7,17.49,0.060110000000000004,74600.0,1272000.0,6.075e-06,78800.0,531.2
843000,960.7,17.03,0.058289999999999995,73460.0,1267000.0,5.8460000000000004e-06,78730.0,524.2
844000,960.7,16.58,0.05653,72340.0,1262000.0,5.626e-06,78650.0,517.2
845000,960.7,16.14,0.05482000000000002,71240.0,1257000.0,5.415e-06,78580.0,510.3
846000,960.7,15.71,0.05317,70160.0,1252000.0,5.2110000000000014e-06,78500.0,503.5
847000,960.7,15.3,0.051570000000000005,69090.0,1248000.0,5.016e-06,78420.0,496.8
848000,960.7,14.89,0.05001,68050.0,1243000.0,4.827e-06,78350.0,490.2
849000,960.7,14.5,0.0485,67010.0,1238000.0,4.646e-06,78270.0,483.7
850000,960.7,14.12,0.04704,65990.0,1233000.0,4.472e-06,78200.0,477.2
851000,960.7,13.74,0.04562,64990.0,1229000.0,4.304e-06,78130.0,470.9
852000,960.7,13.38,0.04425,64010.0,1224000.0,4.1419999999999995e-06,78050.0,464.6
853000,960.7,13.03,0.04292,63030.0,1219000.0,3.987e-06,77980.0,458.5
854000,960.7,12.68,0.04162,62080.0,1215000.0,3.838e-06,77900.0,452.4
855000,960.7,12.35,0.040369999999999996,61140.0,1210000.0,3.6939999999999997e-06,77830.0,446.4
856000,960.7,12.02,0.03916,60210.0,1205000.0,3.555e-06,77750.0,440.4
857000,960.7,11.7,0.03798,59300.0,1201000.0,3.422e-06,77680.0,434.6
858000,960.7,11.4,0.03684,58400.0,1196000.0,3.2939999999999997e-06,77600.0,428.8
859000,960.7,11.1,0.03573,57510.0,1192000.0,3.1710000000000002e-06,77530.0,423.1
860000,960.7,10.8,0.03465,56640.0,1187000.0,3.0519999999999997e-06,77460.0,417.5
861000,960.7,10.52,0.03361,55790.0,1183000.0,2.938e-06,77380.0,412.0
862000,960.7,10.24,0.0326,54940.0,1178000.0,2.8280000000000007e-06,77310.0,406.5
863000,960.7,9.972000000000001,0.03162,54110.0,1174000.0,2.722e-06,77240.0,401.1
864000,960.7,9.71,0.03067,53290.0,1169000.0,2.62e-06,77160.0,395.8
865000,960.7,9.454,0.02975,52480.0,1165000.0,2.5219999999999997e-06,77090.0,390.6
866000,960.7,9.205,0.028860000000000007,51690.0,1160000.0,2.4280000000000003e-06,77020.0,385.4
867000,960.7,8.963,0.027989999999999998,50910.0,1156000.0,2.337e-06,76940.0,380.3
868000,960.7,8.727,0.02715,50140.0,1152000.0,2.25e-06,76870.0,375.3
869000,960.7,8.498,0.02634,49380.0,1147000.0,2.166e-06,76800.0,370.3
870000,960.7,8.275,0.02555,48640.0,1143000.0,2.085e-06,76720.0,365.4
871000,960.7,8.057,0.02479,47900.0,1139000.0,2.007e-06,76650.0,360.6
872000,960.7,7.846,0.02404,47180.0,1134000.0,1.932e-06,76580.0,355.8
873000,960.7,7.64,0.02332,46470.0,1130000.0,1.86e-06,76500.0,351.1
874000,960.7,7.439,0.022619999999999998,45770.0,1126000.0,1.7909999999999999e-06,76430.0,346.5
875000,960.7,7.244,0.02195,45080.0,1121000.0,1.7240000000000001e-06,76360.0,341.9
876000,960.7,7.053999999999999,0.02129,44400.0,1117000.0,1.66e-06,76290.0,337.4
877000,960.7,6.869,0.02065,43730.0,1113000.0,1.5980000000000004e-06,76210.0,332.9
878000,960.7,6.689,0.020030000000000003,43070.0,1109000.0,1.539e-06,76140.0,328.5
879000,960.7,6.513,0.01944,42420.0,1104000.0,1.4809999999999999e-06,76070.0,324.2
880000,960.7,6.343,0.01885,41780.0,1100000.0,1.426e-06,76000.0,319.9
881000,960.7,6.176,0.01829,41150.0,1096000.0,1.373e-06,75930.0,315.7
882000,960.7,6.015,0.017740000000000002,40530.0,1092000.0,1.3219999999999998e-06,75850.0,311.5
883000,960.7,5.857,0.01721,39920.0,1088000.0,1.273e-06,75780.0,307.4
884000,960.7,5.704,0.0167,39320.0,1084000.0,1.225e-06,75710.0,303.4
885000,960.7,5.553999999999999,0.0162,38730.0,1080000.0,1.18e-06,75640.0,299.4
886000,960.7,5.409,0.015719999999999998,38150.0,1075000.0,1.136e-06,75570.0,295.4
887000,960.7,5.268,0.01525,37570.0,1071000.0,1.094e-06,75490.0,291.5
888000,960.7,5.13,0.014790000000000001,37010.0,1067000.0,1.053e-06,75420.0,287.7
889000,960.7,4.996,0.01435,36450.0,1063000.0,1.0140000000000002e-06,75350.0,283.9
890000,960.7,4.865,0.013930000000000001,35910.0,1059000.0,9.764e-07,75280.0,280.2
891000,960.7,4.738,0.01351,35370.0,1055000.0,9.401e-07,75210.0,276.5
892000,960.7,4.614,0.01311,34840.0,1051000.0,9.051999999999999e-07,75140.0,272.9
893000,960.7,4.494,0.01272,34310.0,1047000.0,8.717000000000002e-07,75070.0,269.3
894000,960.7,4.376,0.01234,33800.0,1043000.0,8.393000000000002e-07,75000.0,265.7
895000,960.7,4.262,0.01197,33290.0,1040000.0,8.081999999999998e-07,74930.0,262.2
896000,960.7,4.151,0.011609999999999999,32790.0,1036000.0,7.781999999999998e-07,74860.0,258.8
897000,960.7,4.043,0.01127,32300.0,1032000.0,7.494e-07,74780.0,255.4
898000,960.7,3.937,0.01093,31820.0,1028000.0,7.216e-07,74710.0,252.0
899000,960.7,3.835,0.01061,31340.0,1024000.0,6.948999999999999e-07,74640.0,248.7
900000,960.7,3.735,0.01029,30870.0,1020000.0,6.692e-07,74570.0,245.5
901000,960.7,3.637,0.009987000000000001,30410.0,1016000.0,6.444e-07,74500.0,242.3
902000,960.7,3.543,0.00969,29950.0,1012000.0,6.206e-07,74430.0,239.1
903000,960.7,3.45,0.009401999999999999,29500.0,1009000.0,5.976e-07,74360.0,235.9
904000,960.7,3.36,0.009123000000000001,29060.0,1005000.0,5.754999999999999e-07,74290.0,232.9
905000,960.7,3.273,0.008851999999999999,28630.0,1001000.0,5.542e-07,74220.0,229.8
906000,960.7,3.188,0.008589,28200.0,997200.0,5.337e-07,74150.0,226.8
907000,960.7,3.105,0.008334000000000001,27780.0,993500.0,5.14e-07,74080.0,223.8
908000,960.7,3.0239999999999996,0.008087,27360.0,989800.0,4.95e-07,74010.0,220.9
909000,960.7,2.945,0.007847,26950.0,986000.0,4.7670000000000003e-07,73940.0,218.0
910000,960.7,2.8689999999999998,0.007614,26550.0,982300.0,4.591e-07,73870.0,215.1
911000,960.7,2.7939999999999996,0.007389,26150.0,978700.0,4.422e-07,73800.0,212.3
912000,960.7,2.722,0.00717,25760.0,975000.0,4.2579999999999996e-07,73740.0,209.6
913000,960.7,2.6510000000000002,0.006957,25380.0,971300.0,4.101e-07,73670.0,206.8
914000,960.7,2.582,0.006751000000000001,25000.0,967700.0,3.95e-07,73600.0,204.1
915000,960.7,2.515,0.006551,24630.0,964100.0,3.804e-07,73530.0,201.4
916000,960.7,2.45,0.006357,24260.0,960400.0,3.664e-07,73460.0,198.8
917000,960.7,2.386,0.006169,23900.0,956800.0,3.529e-07,73390.0,196.2
918000,960.7,2.324,0.005987,23540.0,953200.0,3.399e-07,73320.0,193.7
919000,960.7,2.2640000000000002,0.005809,23190.0,949700.0,3.2740000000000003e-07,73250.0,191.1
920000,960.7,2.205,0.005638000000000001,22850.0,946100.0,3.153e-07,73180.0,188.6
921000,960.7,2.148,0.005471,22510.0,942600.0,3.037e-07,73110.0,186.2
922000,960.7,2.093,0.005309,22170.0,939100.0,2.925e-07,73050.0,183.7
923000,960.7,2.0380000000000003,0.005152,21840.0,935500.0,2.818e-07,72980.0,181.4
924000,960.7,1.986,0.005,21520.0,932000.0,2.714e-07,72910.0,179.0
925000,960.7,1.9340000000000002,0.004852,21200.0,928500.0,2.614e-07,72840.0,176.7
926000,960.7,1.8840000000000001,0.0047090000000000005,20880.0,925100.0,2.518e-07,72770.0,174.4
927000,960.7,1.835,0.00457,20570.0,921600.0,2.425e-07,72710.0,172.1
928000,960.7,1.788,0.004435000000000001,20260.0,918200.0,2.336e-07,72640.0,169.8
929000,960.7,1.742,0.004304,19960.0,914700.0,2.25e-07,72570.0,167.6
930000,960.7,1.6969999999999998,0.004178,19670.0,911300.0,2.168e-07,72500.0,165.5
931000,960.7,1.653,0.004054,19370.0,907900.0,2.088e-07,72430.0,163.3
932000,960.7,1.61,0.003935,19090.0,904500.0,2.012e-07,72370.0,161.2
933000,960.7,1.568,0.003819,18800.0,901200.0,1.938e-07,72300.0,159.1
934000,960.7,1.528,0.003706,18520.0,897800.0,1.8670000000000002e-07,72230.0,157.0
935000,960.7,1.4880000000000002,0.003597,18250.0,894400.0,1.798e-07,72160.0,155.0
936000,960.7,1.45,0.0034909999999999997,17980.0,891100.0,1.7320000000000002e-07,72100.0,153.0
937000,960.7,1.413,0.0033880000000000004,17710.0,887800.0,1.6690000000000002e-07,72030.0,151.0
938000,960.7,1.376,0.0032890000000000003,17450.0,884500.0,1.6079999999999998e-07,71960.0,149.0
939000,960.7,1.341,0.003192,17190.0,881200.0,1.549e-07,71890.0,147.1
940000,960.7,1.306,0.003098,16940.0,877900.0,1.492e-07,71830.0,145.2
941000,960.7,1.272,0.003007,16690.0,874600.0,1.437e-07,71760.0,143.3
942000,960.7,1.24,0.002919,16440.0,871400.0,1.385e-07,71690.0,141.4
943000,960.7,1.208,0.002833,16190.0,868100.0,1.334e-07,71630.0,139.6
944000,960.7,1.177,0.00275,15950.0,864900.0,1.285e-07,71560.0,137.8
945000,960.7,1.146,0.002669,15720.0,861700.0,1.238e-07,71490.0,136.0
946000,960.7,1.117,0.00259,15490.0,858500.0,1.193e-07,71430.0,134.2
947000,960.7,1.088,0.002514,15260.0,855300.0,1.149e-07,71360.0,132.5
948000,960.7,1.06,0.002441,15030.0,852100.0,1.107e-07,71290.0,130.8
949000,960.7,1.033,0.002369,14810.0,848900.0,1.067e-07,71230.0,129.1
950000,960.7,1.006,0.002299,14590.0,845800.0,1.028e-07,71160.0,127.4
951000,960.7,0.9803,0.002232,14380.0,842600.0,9.902000000000001e-08,71090.0,125.8
952000,960.7,0.9552,0.002167,14160.0,839500.0,9.541e-08,71030.0,124.1
953000,960.7,0.9306,0.0021030000000000003,13950.0,836400.0,9.192999999999999e-08,70960.0,122.5
954000,960.7,0.9067,0.002041,13750.0,833300.0,8.857e-08,70900.0,121.0
955000,960.7,0.8834,0.001982,13540.0,830200.0,8.534e-08,70830.0,119.4
956000,960.7,0.8607,0.001924,13350.0,827100.0,8.222999999999999e-08,70770.0,117.8
957000,960.7,0.8386,0.0018670000000000002,13150.0,824100.0,7.922999999999999e-08,70700.0,116.3
958000,960.7,0.8171,0.001813,12950.0,821000.0,7.634e-08,70630.0,114.8
959000,960.7,0.7962,0.00176,12760.0,818000.0,7.356e-08,70570.0,113.3
960000,960.7,0.7757,0.0017079999999999999,12580.0,814900.0,7.088e-08,70500.0,111.9
961000,960.7,0.7558,0.0016579999999999998,12390.0,811900.0,6.83e-08,70440.0,110.4
962000,960.7,0.7365,0.00161,12210.0,808900.0,6.581e-08,70370.0,109.0
963000,960.7,0.7176,0.0015630000000000002,12030.0,805900.0,6.341e-08,70310.0,107.6
964000,960.7,0.6992,0.001517,11850.0,802900.0,6.11e-08,70240.0,106.2
965000,960.7,0.6813,0.0014730000000000001,11680.0,800000.0,5.888e-08,70180.0,104.8
966000,960.7,0.6639,0.00143,11500.0,797000.0,5.674e-08,70110.0,103.5
967000,960.7,0.6469,0.0013880000000000001,11340.0,794100.0,5.468e-08,70050.0,102.2
968000,960.7,0.6303,0.001347,11170.0,791100.0,5.2690000000000004e-08,69980.0,100.8
969000,960.7,0.6142,0.001308,11000.0,788200.0,5.077e-08,69920.0,99.55
970000,960.7,0.5985,0.0012699999999999999,10840.0,785300.0,4.8929999999999995e-08,69850.0,98.27
971000,960.7,0.5832,0.001233,10680.0,782400.0,4.7149999999999995e-08,69790.0,97.0
972000,960.7,0.5683,0.0011970000000000001,10530.0,779500.0,4.5439999999999995e-08,69720.0,95.76
973000,960.7,0.5537,0.0011619999999999998,10370.0,776600.0,4.379e-08,69660.0,94.52
974000,960.7,0.5396,0.0011279999999999999,10220.0,773800.0,4.22e-08,69590.0,93.31
975000,960.7,0.5258,0.0010949999999999998,10070.0,770900.0,4.067e-08,69530.0,92.11
976000,960.7,0.5124,0.0010630000000000001,9922.0,768100.0,3.9189999999999996e-08,69470.0,90.93
977000,960.7,0.4993,0.001032,9776.0,765200.0,3.777e-08,69400.0,89.76
978000,960.7,0.4866,0.0010019999999999999,9633.0,762400.0,3.64e-08,69340.0,88.6
979000,960.7,0.4741,0.0009731,9492.0,759600.0,3.508e-08,69270.0,87.47
980000,960.7,0.462,0.0009448000000000001,9353.0,756800.0,3.381e-08,69210.0,86.34
981000,960.7,0.4503,0.0009173,9216.0,754000.0,3.258e-08,69150.0,85.24
982000,960.7,0.4388,0.0008906000000000002,9081.0,751200.0,3.14e-08,69080.0,84.14
983000,960.7,0.4276,0.0008647,8948.0,748500.0,3.027e-08,69020.0,83.06
984000,960.7,0.4167,0.0008396000000000001,8817.0,745700.0,2.917e-08,68960.0,82.0
985000,960.7,0.4061,0.0008152000000000001,8687.0,743000.0,2.812e-08,68890.0,80.95
986000,960.7,0.3957,0.0007915,8560.0,740200.0,2.71e-08,68830.0,79.91
987000,960.7,0.3857,0.0007685,8435.0,737500.0,2.612e-08,68770.0,78.89
988000,960.7,0.3759,0.0007462,8312.0,734800.0,2.517e-08,68700.0,77.87
989000,960.7,0.3663,0.0007245,8190.0,732100.0,2.426e-08,68640.0,76.88
990000,960.7,0.35700000000000004,0.0007035,8070.0,729400.0,2.339e-08,68580.0,75.89
991000,960.7,0.3479,0.0006831000000000001,7953.0,726700.0,2.254e-08,68510.0,74.92
992000,960.7,0.33899999999999997,0.0006632999999999999,7836.0,724100.0,2.173e-08,68450.0,73.96
993000,960.7,0.3304,0.000644,7722.0,721400.0,2.0939999999999998e-08,68390.0,73.02
994000,960.7,0.322,0.0006253999999999999,7609.0,718700.0,2.019e-08,68320.0,72.08
995000,960.7,0.3138,0.0006072,7498.0,716100.0,1.946e-08,68260.0,71.16
996000,960.7,0.3059,0.0005897000000000001,7389.0,713500.0,1.875e-08,68200.0,70.25
997000,960.7,0.2981,0.0005726,7281.0,710900.0,1.808e-08,68140.0,69.35
998000,960.7,0.2905,0.000556,7175.0,708300.0,1.743e-08,68070.0,68.47
999000,960.7,0.2832,0.0005399,7070.0,705700.0,1.6799999999999998e-08,68010.0,67.59
